"num","player_id","g","ab","r","h","double","triple","hr","rbi","sb","bb","so","inducted"
"1","aaronha01",3298,12364,2174,3771,624,98,755,2297,240,1402,1383,"Y"
"2","abbotji01",263,NA,NA,NA,NA,NA,NA,NA,NA,NA,NA,"N"
"3","adamsba01",482,1019,79,216,31,15,3,75,1,53,NA,"N"
"4","adamsbo03",1281,4019,591,1082,188,49,37,303,67,414,447,"N"
"5","adamssp01",1424,5557,844,1588,249,48,9,394,154,453,223,"N"
"6","ageeto01",1129,3912,558,999,170,27,130,433,167,342,918,"N"
"7","aguilri01",737,NA,NA,NA,NA,NA,NA,NA,NA,NA,NA,"N"
"8","akerja01",496,92,3,7,2,0,0,4,0,1,51,"N"
"9","alexado01",562,NA,NA,NA,NA,NA,NA,NA,NA,NA,NA,"N"
"10","alexape01",703,1810,154,378,60,13,11,163,3,77,276,"N"
"11","alexape01",703,1810,154,378,60,13,11,163,3,77,276,"Y"
"12","allenbe01",1139,3404,357,815,140,21,73,351,13,370,424,"N"
"13","allendi01",1749,6332,1099,1848,320,79,351,1119,133,894,1556,"N"
"14","allenjo02",365,716,82,124,12,3,4,64,1,33,155,"N"
"15","alleyge01",1195,3927,442,999,140,44,55,342,63,300,622,"N"
"16","allisdo01",318,1407,236,381,43,10,2,140,NA,22,NA,"N"
"17","alomaro01",2379,9073,1508,2724,504,80,210,1134,474,1032,1140,"Y"
"18","alomaro01",2379,9073,1508,2724,504,80,210,1134,474,1032,1140,"N"
"19","alomasa02",1377,4530,520,1236,249,10,112,588,25,212,499,"N"
"20","aloufe01",2082,7339,985,2101,359,49,206,852,107,423,706,"N"
"21","alouje01",1380,4345,448,1216,170,26,32,377,31,138,267,"N"
"22","alouma01",1667,5789,780,1777,236,50,31,427,156,311,377,"N"
"23","aloumo01",1942,7037,1109,2134,421,39,332,1287,106,737,894,"N"
"24","alstowa01",1,1,0,0,0,0,0,0,0,0,1,"Y"
"25","altroni01",230,550,52,97,9,1,2,27,5,29,NA,"N"
"26","anderbr01",1834,6499,1062,1661,338,67,210,761,315,960,1190,"N"
"27","anderga01",2228,8640,1084,2529,522,36,287,1365,80,429,1224,"N"
"28","andersp01",152,477,42,104,9,3,0,34,6,42,53,"Y"
"29","ansonca01",2523,10277,1996,3418,581,142,97,2076,NA,983,NA,"N"
"30","ansonca01",2523,10277,1996,3418,581,142,97,2076,NA,983,NA,"Y"
"31","aparilu01",2601,10230,1335,2677,394,92,83,791,506,736,742,"Y"
"32","aparilu01",2601,10230,1335,2677,394,92,83,791,506,736,742,"N"
"33","appieke01",414,NA,NA,NA,NA,NA,NA,NA,NA,NA,NA,"N"
"34","applilu01",2422,8856,1319,2749,440,102,45,1116,179,1302,528,"N"
"35","applilu01",2422,8856,1319,2749,440,102,45,1116,179,1302,528,"Y"
"36","archeji01",847,2646,246,660,106,34,16,296,36,124,NA,"N"
"37","ashburi01",2189,8365,1322,2574,317,109,29,586,234,1198,571,"N"
"38","ashburi01",2189,8365,1322,2574,317,109,29,586,234,1198,571,"Y"
"39","aurilri01",1652,5721,745,1576,301,22,186,756,23,450,861,"N"
"40","ausmubr01",1971,6279,718,1579,270,34,80,607,102,634,1034,"N"
"41","austiji01",1580,5388,661,1328,174,76,13,390,244,592,NA,"N"
"42","averiea01",1668,6353,1224,2019,401,128,238,1164,70,774,518,"N"
"43","averiea01",1668,6353,1224,2019,401,128,238,1164,70,774,518,"Y"
"44","baergca01",1630,5439,731,1583,279,17,134,774,59,291,580,"N"
"45","bagweje01",2150,7797,1517,2314,488,32,449,1529,202,1401,1558,"N"
"46","bahnsst01",575,NA,NA,NA,NA,NA,NA,NA,NA,NA,NA,"N"
"47","bailebo01",1931,6082,772,1564,234,43,189,773,85,852,1126,"N"
"48","bailobo01",955,2937,339,775,107,23,9,222,90,187,164,"N"
"49","baineha01",2830,9908,1299,2866,488,49,384,1628,34,1062,1441,"N"
"50","bakerdu01",2039,7117,964,1981,320,23,242,1013,137,762,926,"N"
"51","bakerfr01",1575,5984,887,1838,315,103,96,987,235,473,NA,"N"
"52","bakerfr01",1575,5984,887,1838,315,103,96,987,235,473,NA,"Y"
"53","bancrda01",1913,7182,1048,2004,320,77,32,591,145,827,487,"N"
"54","bancrda01",1913,7182,1048,2004,320,77,32,591,145,827,487,"Y"
"55","bandosa01",2019,7060,982,1790,289,38,242,1039,75,1031,923,"N"
"56","bankser01",2528,9421,1305,2583,407,90,512,1636,50,763,1236,"Y"
"57","barbest01",466,NA,NA,NA,NA,NA,NA,NA,NA,NA,NA,"N"
"58","barnero01",499,2392,698,859,144,44,6,350,NA,114,65,"N"
"59","barrji01",481,NA,NA,NA,NA,NA,NA,NA,NA,NA,NA,"N"
"60","barryja01",1223,4146,532,1009,142,38,10,429,153,396,NA,"N"
"61","bartedi01",2016,7629,1130,2165,442,71,79,710,109,748,627,"N"
"62","bartobo01",393,1049,54,237,31,3,9,66,3,87,168,"N"
"63","battijo01",480,1953,228,439,51,25,3,NA,NA,40,NA,"N"
"64","bauerha01",1544,5145,833,1424,229,57,164,703,50,521,638,"N"
"65","baylodo01",2292,8198,1236,2135,366,28,338,1276,285,805,1069,"N"
"66","beaucji01",393,661,79,153,18,4,14,90,6,54,150,"N"
"67","beaumgi01",1463,5660,955,1759,182,82,39,617,254,425,NA,"N"
"68","beckegl01",1320,5208,685,1473,196,31,22,360,49,260,243,"N"
"69","becklja01",2386,9526,1600,2930,473,243,86,1575,315,616,NA,"Y"
"70","becklja01",2386,9526,1600,2930,473,243,86,1575,315,616,NA,"N"
"71","beckro01",704,19,0,4,0,0,0,1,0,0,10,"N"
"72","bedrost01",732,NA,NA,NA,NA,NA,NA,NA,NA,NA,NA,"N"
"73","belanma01",2016,5784,676,1316,175,33,20,389,167,576,839,"N"
"74","bellbu01",2405,8995,1151,2514,425,56,201,1106,55,836,776,"N"
"75","belleal01",1539,5853,974,1726,389,21,381,1239,88,683,961,"N"
"76","bellge02",1587,6123,814,1702,308,34,265,1002,67,331,771,"N"
"77","bellja01",2063,7398,1123,1963,394,67,195,860,91,853,1443,"N"
"78","benchjo01",2158,7658,1091,2048,381,24,389,1376,68,891,1278,"Y"
"79","bendech01",507,1147,102,243,40,10,6,116,20,75,NA,"N"
"80","bendech01",507,1147,102,243,40,10,6,116,20,75,NA,"Y"
"81","benitar01",762,NA,NA,NA,NA,NA,NA,NA,NA,NA,NA,"N"
"82","bennech01",1062,3821,549,978,203,67,55,533,NA,478,572,"N"
"83","bentola01",462,738,54,122,12,2,2,42,1,30,181,"N"
"84","bergema01",344,1278,180,339,44,15,10,176,24,52,NA,"N"
"85","bergewa01",1350,5163,809,1550,299,59,242,898,36,435,694,"N"
"86","bergmo01",663,1813,150,441,71,6,6,206,11,78,117,"N"
"87","berrayo01",2120,7555,1175,2150,321,49,358,1430,30,704,414,"N"
"88","berrayo01",2120,7555,1175,2150,321,49,358,1430,30,704,414,"Y"
"89","berrych02",709,2018,196,539,88,29,23,256,13,160,196,"N"
"90","berryke01",1384,4136,422,1053,150,23,58,343,45,298,569,"N"
"91","bibbyji01",341,NA,NA,NA,NA,NA,NA,NA,NA,NA,NA,"N"
"92","bicheda01",1704,6381,934,1906,401,27,274,1141,152,355,1078,"N"
"93","bigbeca01",1147,4192,629,1205,139,75,17,324,182,344,161,"N"
"94","biggicr01",2850,10876,1844,3060,668,55,291,1175,414,1160,1753,"N"
"95","biggicr01",2850,10876,1844,3060,668,55,291,1175,414,1160,1753,"Y"
"96","billija01",476,NA,NA,NA,NA,NA,NA,NA,NA,NA,NA,"N"
"97","bishoma01",1338,4494,966,1216,236,35,41,379,43,1153,452,"N"
"98","blackew01",237,443,31,77,12,1,1,22,0,12,73,"N"
"99","bladera01",767,2415,467,726,133,51,50,340,33,331,310,"N"
"100","blairpa01",1947,6042,776,1513,282,55,134,620,171,449,877,"N"
"101","blassst01",295,546,42,94,7,3,1,37,0,11,140,"N"
"102","bluegos01",1867,6440,883,1751,276,67,43,848,140,723,515,"N"
"103","bluelu01",1615,5904,1151,1696,319,109,44,695,151,1092,436,"N"
"104","bluevi01",508,NA,NA,NA,NA,NA,NA,NA,NA,NA,NA,"N"
"105","blylebe01",699,NA,NA,NA,NA,NA,NA,NA,NA,NA,NA,"N"
"106","blylebe01",699,NA,NA,NA,NA,NA,NA,NA,NA,NA,NA,"Y"
"107","boccajo01",551,1462,117,320,56,5,26,148,3,96,246,"N"
"108","boddimi01",347,NA,NA,NA,NA,NA,NA,NA,NA,NA,NA,"N"
"109","bodiepi01",1050,3670,393,1011,169,72,43,516,83,312,NA,"N"
"110","boggswa01",2440,9180,1513,3010,578,61,118,1014,24,1412,745,"Y"
"111","boleyjo01",540,1780,203,478,88,22,7,227,15,130,84,"N"
"112","bolinbo01",496,NA,NA,NA,NA,NA,NA,NA,NA,NA,NA,"N"
"113","bondsba01",2986,9847,2227,2935,601,77,762,1996,514,2558,1539,"N"
"114","bondsbo01",1849,7043,1258,1886,302,66,332,1024,461,914,1757,"N"
"115","bondto01",488,1975,213,471,53,11,0,NA,NA,22,NA,"N"
"116","bonilbo01",2113,7213,1084,2010,408,61,287,1173,45,912,1204,"N"
"117","booneaa01",1152,3871,519,1017,216,17,126,555,107,303,707,"N"
"118","boonebo01",2264,7245,679,1838,303,26,105,826,38,663,608,"N"
"119","boonebr01",1780,6683,927,1775,366,28,252,1021,94,552,1295,"N"
"120","bottoji01",1991,7471,1177,2313,465,151,219,1422,58,664,591,"Y"
"121","bottoji01",1991,7471,1177,2313,465,151,219,1422,58,664,591,"N"
"122","boudrlo01",1646,6029,861,1779,385,66,68,789,51,796,309,"N"
"123","boudrlo01",1646,6029,861,1779,385,66,68,789,51,796,309,"Y"
"124","boutoji01",307,347,8,35,3,0,0,21,0,14,160,"N"
"125","bowala01",2247,8418,987,2191,262,99,15,525,318,474,569,"N"
"126","boyercl02",1725,5780,645,1396,200,33,162,654,41,470,931,"N"
"127","boyerke01",2034,7455,1104,2143,318,68,282,1141,105,713,1017,"N"
"128","bradlbi01",1461,5430,754,1471,275,84,33,552,181,290,NA,"N"
"129","brechha01",321,673,48,129,13,5,2,44,0,45,121,"N"
"130","breitte01",447,1347,174,291,27,15,4,126,30,150,NA,"N"
"131","bresnro01",1446,4481,682,1252,218,71,26,530,212,714,NA,"Y"
"132","bresnro01",1446,4481,682,1252,218,71,26,530,212,714,NA,"N"
"133","brettge01",2707,10349,1583,3154,665,137,317,1595,201,1096,908,"Y"
"134","breweji01",586,NA,NA,NA,NA,NA,NA,NA,NA,NA,NA,"N"
"135","bridgto01",424,1003,83,181,27,8,0,72,0,74,271,"N"
"136","briggjo02",1366,4117,601,1041,170,43,139,507,64,663,785,"N"
"137","brilene01",452,NA,NA,NA,NA,NA,NA,NA,NA,NA,NA,"N"
"138","brocklo01",2616,10332,1610,3023,486,141,149,900,938,761,1730,"Y"
"139","brookhu01",1645,5974,656,1608,290,31,149,824,64,387,1005,"N"
"140","brosisc01",1146,3889,544,1001,200,8,141,531,57,348,699,"N"
"141","broutda01",1673,6711,1523,2296,460,205,106,1296,NA,840,NA,"N"
"142","broutda01",1673,6711,1523,2296,460,205,106,1296,NA,840,NA,"Y"
"143","brownga01",1051,2262,330,582,78,19,84,322,30,242,275,"N"
"144","brownke01",490,NA,NA,NA,NA,NA,NA,NA,NA,NA,NA,"N"
"145","brownla01",1129,3449,331,803,108,13,47,254,22,317,414,"N"
"146","brownmo01",493,1143,93,235,20,11,2,74,8,44,NA,"N"
"147","brownmo01",493,1143,93,235,20,11,2,74,8,44,NA,"Y"
"148","brownto05",324,NA,NA,NA,NA,NA,NA,NA,NA,NA,NA,"N"
"149","brownwi02",21,67,4,12,3,0,1,6,2,0,7,"Y"
"150","brutobi01",1610,6056,937,1651,241,102,94,545,207,482,793,"N"
"151","bucknbi01",2517,9397,1077,2715,498,49,174,1208,183,450,453,"N"
"152","buhneja01",1472,5013,798,1273,233,19,310,965,6,792,1406,"N"
"153","bumbral01",1496,5053,778,1422,220,52,54,402,254,471,709,"N"
"154","bunniji01",601,1275,82,213,21,4,7,75,0,34,362,"N"
"155","bunniji01",601,1275,82,213,21,4,7,75,0,34,362,"Y"
"156","burdele01",666,1011,101,185,27,4,12,75,2,32,271,"N"
"157","burgesm01",1691,4471,485,1318,230,33,126,673,13,477,270,"N"
"158","burkeje01",2066,8421,1720,2850,320,182,75,952,389,1029,NA,"N"
"159","burkeje01",2066,8421,1720,2850,320,182,75,952,389,1029,NA,"Y"
"160","burksel01",2000,7232,1253,2107,402,63,352,1206,181,793,1340,"N"
"161","burleri01",1346,5139,656,1401,256,23,50,449,72,420,477,"N"
"162","burnije01",1694,5710,917,1447,298,29,315,981,74,739,1376,"N"
"163","burnsge01",1853,7241,1188,2077,362,108,41,611,383,872,565,"N"
"164","burroje01",1689,5536,720,1443,230,20,240,882,16,831,1135,"N"
"165","bushdo01",1946,7210,1280,1804,186,74,9,436,404,1158,NA,"N"
"166","bushgu01",544,888,57,143,12,2,0,52,3,50,162,"N"
"167","bushjo01",581,1239,128,313,59,17,7,137,4,53,NA,"N"
"168","butlebr01",2213,8180,1359,2375,277,131,54,578,558,1129,907,"N"
"169","cadorle01",193,442,28,92,10,4,5,45,2,14,103,"N"
"170","caldwmi01",477,NA,NA,NA,NA,NA,NA,NA,NA,NA,NA,"N"
"171","callijo01",1886,6652,926,1757,321,89,226,840,74,650,1064,"N"
"172","camildo01",1490,5353,936,1482,261,86,239,950,60,947,961,"N"
"173","caminke01",1760,6288,894,1710,348,17,239,983,88,727,1163,"N"
"174","camniho01",326,677,42,92,6,1,1,32,1,37,NA,"N"
"175","campabe01",2328,8684,1181,2249,313,86,79,646,649,618,1142,"N"
"176","camparo01",1215,4205,627,1161,178,18,242,856,25,533,501,"N"
"177","camparo01",1215,4205,627,1161,178,18,242,856,25,533,501,"Y"
"178","campbbi02",700,NA,NA,NA,NA,NA,NA,NA,NA,NA,NA,"N"
"179","candejo01",603,NA,NA,NA,NA,NA,NA,NA,NA,NA,NA,"N"
"180","candito01",452,NA,NA,NA,NA,NA,NA,NA,NA,NA,NA,"N"
"181","cannich01",740,1950,132,458,66,12,18,169,3,241,354,"N"
"182","cansejo01",1887,7057,1186,1877,340,14,462,1407,200,906,1942,"N"
"183","cardejo02",2017,6964,936,1913,333,46,138,775,329,608,807,"N"
"184","cardele01",1941,6707,662,1725,285,49,118,689,39,522,1135,"N"
"185","carewro01",2469,9315,1424,3053,445,112,92,1015,353,1018,1028,"Y"
"186","careyma01",2476,9363,1545,2665,419,159,70,800,738,1040,695,"N"
"187","careyma01",2476,9363,1545,2665,419,159,70,800,738,1040,695,"Y"
"188","carltst01",745,NA,NA,NA,NA,NA,NA,NA,NA,NA,NA,"Y"
"189","carrach01",1325,4644,568,1199,172,25,55,474,31,491,467,"N"
"190","carribi02",709,1970,194,506,67,14,6,235,37,206,NA,"N"
"191","carrocl02",731,NA,NA,NA,NA,NA,NA,NA,NA,NA,NA,"N"
"192","cartega01",2295,7971,1025,2092,371,31,324,1225,39,848,997,"N"
"193","cartega01",2295,7971,1025,2092,371,31,324,1225,39,848,997,"Y"
"194","cartejo01",2189,8422,1170,2184,432,53,396,1445,231,527,1387,"N"
"195","cartyri01",1651,5606,712,1677,278,17,204,890,21,642,663,"N"
"196","casanpa01",859,2786,214,627,87,12,50,252,2,101,430,"N"
"197","casege01",1226,5016,785,1415,233,43,21,377,349,426,297,"N"
"198","caseyse01",1405,5066,690,1531,322,12,130,735,18,477,577,"N"
"199","cashda01",1422,5554,732,1571,243,56,21,426,120,424,309,"N"
"200","cashno01",2089,6705,1046,1820,241,41,377,1103,43,1043,1091,"N"
"201","castilu01",1720,6510,1001,1889,194,59,28,443,370,800,850,"N"
"202","castivi02",1854,6822,902,1884,349,28,320,1105,33,423,1069,"N"
"203","cavarph01",2030,6754,990,1977,347,99,95,920,65,820,598,"N"
"204","cedence01",2006,7310,1084,2087,436,60,199,976,550,664,938,"N"
"205","cepedor01",2124,7927,1131,2351,417,27,379,1365,142,588,1169,"N"
"206","cepedor01",2124,7927,1131,2351,417,27,379,1365,142,588,1169,"Y"
"207","ceyro01",2073,7162,977,1868,328,21,316,1139,24,1012,1235,"N"
"208","chambch01",2175,7571,912,2109,392,42,185,972,40,632,926,"N"
"209","chancfr01",1287,4297,797,1273,200,79,20,596,401,554,NA,"N"
"210","chancfr01",1287,4297,797,1273,200,79,20,596,401,554,NA,"Y"
"211","chandsp01",211,548,53,110,18,2,9,45,0,20,154,"N"
"212","chapmbe01",1717,6478,1144,1958,407,107,90,977,287,824,556,"N"
"213","chapmra01",1051,3785,671,1053,162,81,17,364,233,452,NA,"N"
"214","chapmsa01",1368,4988,754,1329,210,52,180,773,41,562,682,"N"
"215","chaseha01",1919,7417,980,2158,322,124,57,941,363,276,NA,"N"
"216","chesbja01",393,1103,85,217,37,13,5,82,5,25,NA,"N"
"217","chesbja01",393,1103,85,217,37,13,5,82,5,25,NA,"Y"
"218","cirilje01",1617,5396,800,1598,343,21,112,727,63,563,694,"N"
"219","cissebi01",956,3707,516,990,173,43,29,423,113,212,250,"N"
"220","clarkfr01",2242,8568,1619,2672,361,220,67,1015,506,874,NA,"N"
"221","clarkfr01",2242,8568,1619,2672,361,220,67,1015,506,874,NA,"Y"
"222","clarkho01",1272,4813,548,1230,150,23,27,304,151,365,362,"N"
"223","clarkja01",1994,6847,1118,1826,332,39,340,1180,77,1262,1441,"N"
"224","clarkjo01",546,1974,254,432,73,26,24,232,NA,81,382,"Y"
"225","clarkjo01",546,1974,254,432,73,26,24,232,NA,81,382,"N"
"226","clarkto02",1559,4532,629,1188,233,11,251,824,6,527,1209,"N"
"227","clarkwi02",1976,7173,1186,2176,440,47,284,1205,67,937,1190,"N"
"228","claytro01",2108,7379,935,1904,363,55,110,723,231,565,1415,"N"
"229","clemero01",2433,9454,1416,3000,440,166,240,1305,83,621,1230,"Y"
"230","clemero02",709,NA,NA,NA,NA,NA,NA,NA,NA,NA,NA,"N"
"231","coaklan01",150,359,14,42,3,1,0,6,1,17,NA,"N"
"232","cobbty01",3035,11434,2246,4189,724,295,117,1937,892,1249,NA,"Y"
"233","cochrmi01",1482,5169,1041,1652,333,64,119,832,64,857,217,"N"
"234","cochrmi01",1482,5169,1041,1652,333,64,119,832,64,857,217,"Y"
"235","colavro01",1841,6503,971,1730,283,21,374,1159,19,951,880,"N"
"236","colboji01",302,NA,NA,NA,NA,NA,NA,NA,NA,NA,NA,"N"
"237","colemvi01",1371,5406,849,1425,176,89,28,346,752,477,960,"N"
"238","collied01",2826,9949,1821,3315,438,187,47,1300,744,1499,NA,"N"
"239","collied01",2826,9949,1821,3315,438,187,47,1300,744,1499,NA,"Y"
"240","colliji01",1725,6795,1055,1999,352,116,65,983,194,426,NA,"N"
"241","colliji01",1725,6795,1055,1999,352,116,65,983,194,426,NA,"Y"
"242","collish01",1799,6390,747,1687,310,133,22,709,225,331,NA,"N"
"243","combsea01",1455,5746,1186,1866,309,154,58,632,96,670,278,"N"
"244","combsea01",1455,5746,1186,1866,309,154,58,632,96,670,278,"Y"
"245","comisch01",1390,5796,994,1530,206,68,29,883,419,197,NA,"N"
"246","comisch01",1390,5796,994,1530,206,68,29,883,419,197,NA,"Y"
"247","conceda01",2488,8723,993,2326,389,48,101,950,321,736,1186,"N"
"248","coneda01",451,NA,NA,NA,NA,NA,NA,NA,NA,NA,NA,"N"
"249","coninje01",2024,6957,870,1982,385,36,214,1071,54,671,1168,"N"
"250","conlajo01",128,365,55,96,18,4,0,31,5,33,13,"Y"
"251","connoro01",1997,7794,1620,2467,441,233,138,1322,NA,1002,NA,"Y"
"252","conrowi01",1374,5061,605,1257,176,82,22,452,262,345,NA,"N"
"253","coombja01",460,1110,123,261,34,10,4,100,21,59,NA,"N"
"254","coopece01",1896,7349,1012,2192,415,47,241,1125,89,448,911,"N"
"255","coopemo01",297,654,50,127,16,0,6,68,0,23,118,"N"
"256","coopewa01",1473,4702,573,1341,240,40,173,812,18,309,357,"N"
"257","coopewi01",521,1227,111,293,34,17,6,106,12,47,140,"N"
"258","courtcl01",946,2796,260,750,126,17,38,313,3,264,143,"N"
"259","covelst01",451,1058,70,168,26,10,1,81,0,53,NA,"Y"
"260","covelst01",451,1058,70,168,26,10,1,81,0,53,NA,"N"
"261","coxbi02",1058,3712,470,974,174,32,66,351,42,298,218,"N"
"262","coxbo01",220,628,50,141,22,2,9,58,3,75,126,"Y"
"263","cramedo01",2239,9140,1357,2705,396,109,37,842,62,572,345,"N"
"264","crandde01",1573,5026,585,1276,179,18,179,657,26,424,477,"N"
"265","cranddo01",500,887,109,253,35,19,9,126,9,118,NA,"N"
"266","cravaga01",1220,3951,575,1134,232,83,119,719,89,561,NA,"N"
"267","crawfsa01",2517,9570,1391,2961,458,309,97,1525,366,760,NA,"N"
"268","crawfsa01",2517,9570,1391,2961,458,309,97,1525,366,760,NA,"Y"
"269","crigelo01",1012,3202,337,709,86,50,11,342,58,309,NA,"N"
"270","critzhu01",1478,5930,832,1591,195,95,38,531,97,289,257,"N"
"271","cronijo01",2124,7579,1233,2285,515,118,170,1424,87,1059,700,"N"
"272","cronijo01",2124,7579,1233,2285,515,118,170,1424,87,1059,700,"Y"
"273","crosefr01",1683,6277,1006,1541,260,65,98,649,113,792,799,"N"
"274","crossla01",2275,9072,1333,2645,411,135,47,1371,301,464,NA,"N"
"275","crowdal01",403,847,66,164,18,5,0,59,0,37,77,"N"
"276","crowlte01",865,1518,174,379,62,1,42,229,3,222,181,"N"
"277","cruiswa01",736,2321,293,644,83,39,30,272,49,238,250,"N"
"278","cruzjo01",2353,7917,1036,2251,391,94,165,1077,317,898,1031,"N"
"279","cuccito01",1704,6184,730,1729,334,46,94,884,42,579,497,"N"
"280","cuellmi01",456,NA,NA,NA,NA,NA,NA,NA,NA,NA,NA,"N"
"281","culpra01",322,NA,NA,NA,NA,NA,NA,NA,NA,NA,NA,"N"
"282","cummica01",247,1069,148,227,29,9,0,107,NA,16,51,"Y"
"283","cummica01",247,1069,148,227,29,9,0,107,NA,16,51,"N"
"284","cuyleki01",1879,7161,1305,2299,394,157,128,1065,328,676,752,"N"
"285","cuyleki01",1879,7161,1305,2299,394,157,128,1065,328,676,752,"Y"
"286","dahlebi01",2443,9031,1589,2457,413,163,84,1233,547,1064,NA,"N"
"287","danniha01",890,2971,363,847,162,26,57,397,13,187,217,"N"
"288","darkal01",1828,7219,1064,2089,358,72,126,757,59,430,534,"N"
"289","darliro01",402,NA,NA,NA,NA,NA,NA,NA,NA,NA,NA,"N"
"290","darwida01",722,NA,NA,NA,NA,NA,NA,NA,NA,NA,NA,"N"
"291","daubeja01",2014,7673,1117,2326,250,165,56,722,251,623,489,"N"
"292","dauerri01",1140,3829,448,984,193,3,43,372,6,297,219,"N"
"293","daultda01",1161,3630,511,891,197,25,137,588,50,629,726,"N"
"294","davalvi01",1458,4017,509,1122,160,37,36,329,125,212,422,"N"
"295","davisch01",2436,8673,1240,2380,424,30,350,1372,142,1194,1698,"N"
"296","daviscu01",449,813,70,165,17,0,11,81,1,28,176,"N"
"297","daviser01",1626,5321,938,1430,239,26,282,934,349,740,1398,"N"
"298","davisge01",2368,9031,1539,2660,451,163,73,1437,616,870,NA,"Y"
"299","davisha01",1755,6653,1001,1841,361,145,75,951,285,525,NA,"N"
"300","davisma01",625,NA,NA,NA,NA,NA,NA,NA,NA,NA,NA,"N"
"301","davissp01",1458,4255,388,1312,244,22,77,647,6,386,326,"N"
"302","davisto02",1999,7223,811,2121,272,35,153,1052,136,381,754,"N"
"303","dawsoan01",2627,9927,1373,2774,503,98,438,1591,314,589,1509,"Y"
"304","dawsoan01",2627,9927,1373,2774,503,98,438,1591,314,589,1509,"N"
"305","deandi01",325,717,76,161,23,4,8,76,5,9,104,"N"
"306","deandi01",325,717,76,161,23,4,8,76,5,9,104,"Y"
"307","decindo01",1649,5809,778,1505,312,29,237,879,58,618,904,"N"
"308","delahed01",1835,7505,1599,2596,522,185,101,1464,455,741,NA,"N"
"309","delahed01",1835,7505,1599,2596,522,185,101,1464,455,741,NA,"Y"
"310","delgaca01",2035,7283,1241,2038,483,18,473,1512,14,1109,1745,"N"
"311","dempsri01",1766,4692,525,1093,223,12,96,471,20,592,736,"N"
"312","dennyje01",1237,4946,714,1286,238,76,74,667,NA,173,602,"N"
"313","dennyjo01",326,NA,NA,NA,NA,NA,NA,NA,NA,NA,NA,"N"
"314","dentbu01",1392,4512,451,1114,169,23,40,423,17,328,349,"N"
"315","derripa01",579,1260,70,220,30,3,2,102,0,16,219,"N"
"316","deshaji01",258,NA,NA,NA,NA,NA,NA,NA,NA,NA,NA,"N"
"317","dickebi01",1789,6300,930,1969,343,72,202,1209,37,678,289,"N"
"318","dickebi01",1789,6300,930,1969,343,72,202,1209,37,678,289,"Y"
"319","dierkla01",357,789,38,107,14,0,4,46,0,12,272,"N"
"320","dimagdo01",1399,5640,1046,1680,308,57,87,618,100,750,571,"N"
"321","dimagjo01",1736,6821,1390,2214,389,131,361,1537,30,790,369,"N"
"322","dimagjo01",1736,6821,1390,2214,389,131,361,1537,30,790,369,"Y"
"323","dinnebi01",417,1143,99,219,18,5,1,60,29,80,NA,"N"
"324","disarga01",1086,3744,444,966,186,20,28,355,47,154,306,"N"
"325","doakbi01",453,905,40,115,15,5,1,30,0,30,332,"N"
"326","dobsopa01",414,NA,NA,NA,NA,NA,NA,NA,NA,NA,NA,"N"
"327","dobyla01",1533,5348,960,1515,243,52,253,970,47,871,1011,"N"
"328","dobyla01",1533,5348,960,1515,243,52,253,970,47,871,1011,"Y"
"329","doerrbo01",1865,7093,1094,2042,381,89,223,1247,54,809,608,"N"
"330","doerrbo01",1865,7093,1094,2042,381,89,223,1247,54,809,608,"Y"
"331","donlimi01",1049,3854,669,1282,176,97,51,543,213,312,NA,"N"
"332","donovbi01",459,1302,142,251,30,11,7,93,36,77,NA,"N"
"333","dooinre01",1290,4004,333,961,139,31,10,344,133,155,NA,"N"
"334","downial01",409,717,36,91,12,3,2,51,0,37,293,"N"
"335","downibr01",2344,7853,1188,2099,360,28,275,1073,50,1197,1127,"N"
"336","doyleja01",1564,6039,971,1806,315,64,26,968,516,437,NA,"N"
"337","doylela01",1766,6509,960,1887,299,123,74,793,298,625,NA,"N"
"338","drabedo01",412,NA,NA,NA,NA,NA,NA,NA,NA,NA,NA,"N"
"339","dropowa01",1288,4124,478,1113,168,22,152,704,5,328,582,"N"
"340","drysddo01",547,1169,96,218,26,7,29,113,0,60,370,"Y"
"341","drysddo01",547,1169,96,218,26,7,29,113,0,60,370,"N"
"342","duffyhu01",1737,7042,1552,2282,325,119,106,1302,574,662,NA,"N"
"343","duffyhu01",1737,7042,1552,2282,325,119,106,1302,574,662,NA,"Y"
"344","duganjo01",1447,5410,665,1516,277,46,42,571,37,250,419,"N"
"345","dunlafr01",965,3974,759,1159,224,53,41,NA,NA,283,NA,"N"
"346","dunnja01",490,1622,197,397,54,10,1,164,55,83,NA,"N"
"347","dunstsh01",1814,5927,736,1597,292,62,150,668,212,203,1000,"N"
"348","durhara01",1975,7408,1249,2054,440,79,192,875,273,820,1201,"N"
"349","durocle01",1637,5350,575,1320,210,56,24,567,31,377,480,"N"
"350","durocle01",1637,5350,575,1320,210,56,24,567,31,377,480,"Y"
"351","dyeje01",1763,6487,984,1779,363,25,325,1072,46,597,1308,"N"
"352","dyered01",129,157,31,35,7,3,2,13,3,10,14,"N"
"353","dykesji01",2282,8046,1108,2256,453,90,108,1071,70,958,850,"N"
"354","dykstle01",1278,4559,802,1298,281,43,81,404,285,640,503,"N"
"355","earnsge01",319,704,61,162,29,4,3,70,1,20,125,"N"
"356","eckerde01",1073,NA,NA,NA,NA,NA,NA,NA,NA,NA,NA,"Y"
"357","eckstda01",1311,5041,701,1414,232,20,35,392,123,376,418,"N"
"358","edmonji01",2011,6858,1251,1949,437,25,393,1199,67,998,1729,"N"
"359","edwarha01",735,2191,285,613,116,41,51,276,9,208,264,"N"
"360","edwarjo01",1470,4577,430,1106,202,32,81,524,15,465,635,"N"
"361","ehmkeho01",429,1009,71,210,38,6,0,73,5,26,111,"N"
"362","eisenji01",1422,3995,492,1160,221,39,52,477,105,324,435,"N"
"363","elberki01",1292,4561,647,1235,169,56,10,535,213,427,NA,"N"
"364","elliobo01",1978,7141,1064,2061,382,94,170,1195,60,967,604,"N"
"365","ellioju01",253,416,26,68,11,0,4,37,0,21,121,"N"
"366","ellisdo01",388,NA,NA,NA,NA,NA,NA,NA,NA,NA,NA,"N"
"367","ennisde01",1903,7254,985,2063,358,69,288,1284,45,597,719,"N"
"368","ensje01",67,186,25,54,8,4,1,24,5,7,16,"N"
"369","erskica01",360,588,51,92,11,0,1,31,0,12,120,"N"
"370","erstada01",1654,6024,913,1697,316,33,124,699,179,475,939,"N"
"371","evansda01",2687,8973,1344,2223,329,36,414,1354,98,1605,1410,"N"
"372","evansdw01",2606,8996,1470,2446,483,73,385,1384,78,1391,1697,"N"
"373","eversjo01",1784,6137,919,1659,216,70,12,538,324,778,NA,"N"
"374","eversjo01",1784,6137,919,1659,216,70,12,538,324,778,NA,"Y"
"375","ewingbu01",1315,5363,1129,1625,250,178,71,883,NA,392,NA,"Y"
"376","ewingbu01",1315,5363,1129,1625,250,178,71,883,NA,392,NA,"N"
"377","faberre01",670,1269,98,170,21,2,3,70,7,169,479,"N"
"378","faberre01",670,1269,98,170,21,2,3,70,7,169,479,"Y"
"379","facero01",853,194,9,31,3,0,0,7,0,2,47,"N"
"380","fairlro01",2442,7184,931,1913,307,33,215,1044,35,1052,877,"N"
"381","falkecy01",332,771,48,117,11,4,1,47,7,39,NA,"N"
"382","fellebo01",570,1282,99,193,28,13,8,99,1,100,505,"Y"
"383","fergujo01",1013,3001,407,719,121,11,122,445,22,562,607,"N"
"384","fernaal01",266,NA,NA,NA,NA,NA,NA,NA,NA,NA,NA,"N"
"385","fernasi01",307,NA,NA,NA,NA,NA,NA,NA,NA,NA,NA,"N"
"386","fernato01",2158,7911,1057,2276,414,92,94,844,246,690,784,"N"
"387","ferreri01",1884,6028,687,1692,324,45,28,734,29,931,277,"N"
"388","ferreri01",1884,6028,687,1692,324,45,28,734,29,931,277,"Y"
"389","ferrewe01",548,1176,175,329,57,12,38,208,2,129,185,"N"
"390","fieldce01",1470,5157,744,1313,200,7,319,1008,2,693,1316,"N"
"391","fingero01",945,NA,NA,NA,NA,NA,NA,NA,NA,NA,NA,"Y"
"392","fingero01",945,NA,NA,NA,NA,NA,NA,NA,NA,NA,NA,"N"
"393","finlech01",524,NA,NA,NA,NA,NA,NA,NA,NA,NA,NA,"N"
"394","finlest01",2583,9397,1443,2548,449,124,304,1167,320,844,1299,"N"
"395","fisheed02",690,NA,NA,NA,NA,NA,NA,NA,NA,NA,NA,"N"
"396","fiskca01",2499,8756,1276,2356,421,47,376,1330,128,849,1386,"Y"
"397","fiskca01",2499,8756,1276,2356,421,47,376,1330,128,849,1386,"N"
"398","fitzsfr01",513,1155,112,231,35,7,14,103,0,36,177,"N"
"399","flanami01",529,NA,NA,NA,NA,NA,NA,NA,NA,NA,NA,"N"
"400","fletcar01",1533,5541,684,1534,238,77,32,675,159,203,NA,"N"
"401","flickel01",1483,5597,950,1752,268,164,48,756,330,597,NA,"N"
"402","flickel01",1483,5597,950,1752,268,164,48,756,330,597,NA,"Y"
"403","flintsi01",760,2913,380,687,129,34,21,295,NA,54,471,"N"
"404","floodcu01",1759,6357,851,1861,271,44,85,636,88,444,609,"N"
"405","floydcl01",1621,5319,824,1479,340,23,233,865,148,601,1064,"N"
"406","fonsele01",937,3404,518,1075,203,50,31,485,64,186,199,"N"
"407","fordwh01",500,1023,91,177,19,0,3,69,3,113,224,"Y"
"408","fordwh01",500,1023,91,177,19,0,3,69,3,113,224,"N"
"409","forscbo01",509,893,77,190,45,8,12,84,3,27,249,"N"
"410","forscke01",521,NA,NA,NA,NA,NA,NA,NA,NA,NA,NA,"N"
"411","fosteed02",1500,5652,732,1490,191,71,6,451,195,528,NA,"N"
"412","fostege01",1977,7023,986,1925,307,47,348,1239,51,666,1419,"N"
"413","foxne01",2367,9232,1279,2663,355,112,35,790,76,719,216,"N"
"414","foxne01",2367,9232,1279,2663,355,112,35,790,76,719,216,"Y"
"415","foxxji01",2317,8134,1751,2646,458,125,534,1922,87,1452,1311,"N"
"416","foxxji01",2317,8134,1751,2646,458,125,534,1922,87,1452,1311,"Y"
"417","francjo01",1119,34,2,3,0,0,0,1,0,0,14,"N"
"418","francju02",404,996,110,235,50,4,48,152,2,81,375,"N"
"419","frasech01",458,1316,134,235,34,13,3,96,19,81,NA,"N"
"420","freehbi01",1774,6073,706,1591,241,35,200,758,24,626,753,"N"
"421","fregoji01",1902,6523,844,1726,264,78,151,706,76,715,1097,"N"
"422","friscfr01",2311,9112,1532,2880,466,138,105,1244,419,728,272,"Y"
"423","friscfr01",2311,9112,1532,2880,466,138,105,1244,419,728,272,"N"
"424","frymatr01",1698,6481,895,1776,345,40,223,1022,72,602,1369,"N"
"425","frymawo01",625,NA,NA,NA,NA,NA,NA,NA,NA,NA,NA,"N"
"426","furilca01",1806,6378,895,1910,324,56,192,1058,48,514,436,"N"
"427","gaettga01",2507,8951,1130,2280,443,39,360,1341,96,634,1602,"N"
"428","gagliph01",702,1411,150,336,50,7,14,159,5,163,184,"N"
"429","gagneer01",402,86,5,12,2,1,1,3,0,1,25,"N"
"430","galanau01",1742,5937,1004,1706,336,74,100,830,123,979,393,"N"
"431","galaran01",2257,8096,1195,2333,444,32,399,1425,128,583,2003,"N"
"432","galvipu01",731,2748,278,552,87,31,5,220,NA,38,NA,"Y"
"433","gamblos01",1584,4502,656,1195,188,31,200,666,47,610,546,"N"
"434","gantro01",1832,6449,1080,1651,302,50,321,1008,243,770,1411,"N"
"435","garcino01",1434,5586,927,1747,370,52,229,936,95,403,554,"N"
"436","garneph01",1860,6136,780,1594,299,82,109,738,225,564,842,"N"
"437","garvene01",458,827,87,180,27,3,7,72,1,76,109,"N"
"438","garvest01",2332,8835,1143,2599,440,43,272,1308,83,479,1003,"N"
"439","gehrich01",2323,8860,1774,2839,574,146,184,1427,181,1186,372,"N"
"440","gehrich01",2323,8860,1774,2839,574,146,184,1427,181,1186,372,"Y"
"441","gehrilo01",2164,8001,1888,2721,534,163,493,1995,102,1508,790,"N"
"442","gehrilo01",2164,8001,1888,2721,534,163,493,1995,102,1508,790,"Y"
"443","gelbech01",876,2869,398,766,169,43,17,350,34,290,245,"N"
"444","geronce01",1522,3780,460,977,161,50,51,392,82,354,746,"N"
"445","gibsobo01",596,1328,132,274,44,5,24,144,13,63,415,"Y"
"446","gibsoki01",1635,5798,985,1553,260,54,255,870,284,718,1285,"N"
"447","gilesbr02",1847,6527,1121,1897,411,55,287,1078,109,1183,835,"N"
"448","giustda01",686,412,29,77,10,2,4,46,0,23,99,"N"
"449","gladdfr01",450,63,1,1,0,0,0,3,0,0,40,"N"
"450","glassja01",1736,7030,1163,2040,313,98,27,NA,NA,439,NA,"N"
"451","glaustr01",1537,5410,889,1375,293,10,320,950,56,854,1377,"N"
"452","glavito02",709,1323,93,246,25,2,1,90,1,101,329,"Y"
"453","gleaski01",1966,7452,1020,1944,216,80,15,823,328,500,NA,"N"
"454","goltzda01",356,NA,NA,NA,NA,NA,NA,NA,NA,NA,NA,"N"
"455","gomezle01",368,904,59,133,11,0,0,58,1,50,252,"N"
"456","gomezle01",368,904,59,133,11,0,0,58,1,50,252,"Y"
"457","gonzaju03",1689,6556,1061,1936,388,25,434,1404,26,457,1273,"N"
"458","gonzalu01",2591,9157,1412,2591,596,68,354,1439,128,1155,1218,"N"
"459","gonzami01",1042,2829,283,717,123,19,13,263,52,231,198,"N"
"460","goodedw01",434,NA,NA,NA,NA,NA,NA,NA,NA,NA,NA,"N"
"461","gordojo01",1566,5707,914,1530,264,52,253,975,89,759,702,"N"
"462","gordojo01",1566,5707,914,1530,264,52,253,975,89,759,702,"Y"
"463","gordoto01",893,NA,NA,NA,NA,NA,NA,NA,NA,NA,NA,"N"
"464","gosgeji01",705,1815,197,411,67,16,30,177,25,217,316,"N"
"465","gosligo01",2287,8656,1483,2735,500,173,248,1609,175,949,585,"N"
"466","gosligo01",2287,8656,1483,2735,500,173,248,1609,175,949,585,"Y"
"467","gossari01",1003,NA,NA,NA,NA,NA,NA,NA,NA,NA,NA,"N"
"468","gossari01",1003,NA,NA,NA,NA,NA,NA,NA,NA,NA,NA,"Y"
"469","gowdyha01",1050,2735,270,738,124,27,21,322,59,311,247,"N"
"470","gracema01",2245,8065,1179,2445,511,45,173,1146,70,1075,642,"N"
"471","granted01",990,3385,399,844,79,30,5,277,153,233,NA,"N"
"472","grantge01",1444,4989,912,1508,292,93,105,712,132,717,526,"N"
"473","grantmu01",667,759,80,135,25,2,6,65,2,37,214,"N"
"474","greenha01",1394,5193,1051,1628,379,71,331,1276,58,852,844,"N"
"475","greenha01",1394,5193,1051,1628,379,71,331,1276,58,852,844,"Y"
"476","greenmi01",1269,4623,657,1400,275,38,130,726,80,460,364,"N"
"477","greensh01",1951,7082,1129,2003,445,35,328,1070,162,744,1315,"N"
"478","grichbo01",2008,6890,1033,1833,320,47,224,864,104,1087,1278,"N"
"479","griffcl01",485,1380,202,321,49,17,8,166,22,166,NA,"Y"
"480","griffcl01",485,1380,202,321,49,17,8,166,22,166,NA,"N"
"481","griffke01",2097,7229,1129,2143,364,77,152,859,200,719,898,"N"
"482","griffke02",2671,9801,1662,2781,524,38,630,1836,184,1312,1779,"Y"
"483","grimebu01",632,1535,157,380,62,11,2,168,15,69,241,"N"
"484","grimebu01",632,1535,157,380,62,11,2,168,15,69,241,"Y"
"485","grimmch01",2166,7917,908,2299,394,108,79,1078,57,578,410,"N"
"486","grimsro02",346,NA,NA,NA,NA,NA,NA,NA,NA,NA,NA,"N"
"487","grissma01",356,189,9,23,7,0,0,6,0,8,67,"N"
"488","grissma02",2165,8275,1187,2251,386,56,227,967,429,553,1240,"N"
"489","groatdi01",1929,7484,829,2138,352,67,39,707,14,490,512,"N"
"490","grohhe01",1676,6074,918,1774,308,87,26,566,180,696,345,"N"
"491","gromest01",470,630,58,124,9,2,0,40,2,71,146,"N"
"492","grossgr01",1809,3745,449,1073,130,46,7,308,39,523,250,"N"
"493","groteje01",1421,4339,352,1092,160,22,39,404,15,399,600,"N"
"494","grovele01",619,1369,119,202,27,5,15,121,1,105,593,"N"
"495","grovele01",619,1369,119,202,27,5,15,121,1,105,593,"Y"
"496","groveor01",207,373,23,48,4,2,1,19,0,31,128,"N"
"497","grudzma01",1802,7052,946,2040,391,36,90,640,133,364,954,"N"
"498","guarded01",909,NA,NA,NA,NA,NA,NA,NA,NA,NA,NA,"N"
"499","guerrpe01",1536,5392,730,1618,267,29,215,898,97,609,862,"N"
"500","guidrro01",380,NA,NA,NA,NA,NA,NA,NA,NA,NA,NA,"N"
"501","guilloz01",1993,6686,773,1764,275,69,28,619,169,239,511,"N"
"502","gullibi01",398,NA,NA,NA,NA,NA,NA,NA,NA,NA,NA,"N"
"503","gurala01",405,NA,NA,NA,NA,NA,NA,NA,NA,NA,NA,"N"
"504","gustifr01",1261,4582,553,1214,222,47,38,480,60,369,427,"N"
"505","gwynnto01",2440,9288,1383,3141,543,85,135,1138,319,790,434,"Y"
"506","haasmu01",1168,4303,706,1257,254,45,43,496,12,433,299,"N"
"507","hackst01",1938,7278,1239,2193,363,81,57,642,165,1092,466,"N"
"508","haddiha01",531,798,95,169,37,9,4,64,4,46,162,"N"
"509","hafeych01",1283,4625,777,1466,341,67,164,833,70,372,477,"N"
"510","hafeych01",1283,4625,777,1466,341,67,164,833,70,372,477,"Y"
"511","hahnno01",244,731,65,129,18,10,2,52,7,53,NA,"N"
"512","haineje01",560,1124,76,209,23,2,3,79,2,30,246,"N"
"513","haineje01",560,1124,76,209,23,2,3,79,2,30,246,"Y"
"514","hallabi01",328,557,43,90,14,1,2,32,1,36,199,"N"
"515","hamilbi01",1591,6268,1690,2158,242,94,40,736,912,1187,NA,"Y"
"516","hamilbi01",1591,6268,1690,2158,242,94,40,736,912,1187,NA,"N"
"517","hamptmi01",448,725,97,178,22,5,16,79,3,47,195,"N"
"518","handsbi01",374,NA,NA,NA,NA,NA,NA,NA,NA,NA,NA,"N"
"519","hanlone01",1267,5074,930,1317,159,79,30,517,NA,471,357,"Y"
"520","hardeme01",584,1203,89,199,38,5,4,93,2,39,369,"N"
"521","hargrbu01",852,2533,314,786,155,58,29,376,29,217,165,"N"
"522","hargrmi01",1666,5564,783,1614,266,28,80,686,24,965,550,"N"
"523","harpeto01",1810,6269,972,1609,256,36,146,567,408,753,1080,"N"
"524","harrato01",2155,7402,1115,1954,307,40,195,918,238,1153,868,"N"
"525","harrebu01",1533,4744,539,1120,136,45,7,267,127,633,653,"N"
"526","harribu01",1263,4736,722,1297,224,64,9,506,167,472,310,"N"
"527","harribu01",1263,4736,722,1297,224,64,9,506,167,472,310,"Y"
"528","harrile01",1903,3924,460,1055,161,21,37,369,131,279,337,"N"
"529","hartnga01",1990,6432,867,1912,396,64,236,1179,28,703,697,"N"
"530","hartnga01",1990,6432,867,1912,396,64,236,1179,28,703,697,"Y"
"531","hattogr01",1312,4206,562,1068,166,33,91,533,42,646,430,"N"
"532","hearnji01",403,548,44,77,7,2,9,36,1,33,214,"N"
"533","hebneri01",1908,6144,865,1694,273,57,203,890,38,687,741,"N"
"534","heganji01",1666,4772,550,1087,187,46,92,525,15,456,742,"N"
"535","heilmha01",2148,7787,1291,2660,542,151,183,1539,113,856,550,"N"
"536","heilmha01",2148,7787,1291,2660,542,151,183,1539,113,856,550,"Y"
"537","helmsto01",1435,4997,414,1342,223,21,34,477,33,231,301,"N"
"538","hemusso01",961,2694,459,736,137,41,51,263,21,456,248,"N"
"539","hendeda01",1538,5130,710,1324,286,17,197,708,50,465,1105,"N"
"540","henderi01",3081,10961,2295,3055,510,66,297,1115,1406,2190,1694,"Y"
"541","hendrge01",2048,7129,941,1980,343,27,267,1111,59,567,1013,"N"
"542","henketo01",642,NA,NA,NA,NA,NA,NA,NA,NA,NA,NA,"N"
"543","hennemi01",561,NA,NA,NA,NA,NA,NA,NA,NA,NA,NA,"N"
"544","henrito01",1284,4603,901,1297,269,73,183,795,37,712,383,"N"
"545","hentgpa01",344,NA,NA,NA,NA,NA,NA,NA,NA,NA,NA,"N"
"546","hermaba01",1552,5603,882,1818,399,110,181,997,94,520,553,"N"
"547","hermabi01",1922,7707,1163,2345,486,82,47,839,67,737,428,"N"
"548","hermabi01",1922,7707,1163,2345,486,82,47,839,67,737,428,"Y"
"549","hernake01",2088,7370,1124,2182,426,60,162,1071,98,1070,1012,"N"
"550","hernaro01",1010,NA,NA,NA,NA,NA,NA,NA,NA,NA,NA,"N"
"551","hernawi01",747,NA,NA,NA,NA,NA,NA,NA,NA,NA,NA,"N"
"552","hershor01",520,NA,NA,NA,NA,NA,NA,NA,NA,NA,NA,"N"
"553","herzobu01",1493,5284,705,1370,191,75,20,445,312,427,NA,"N"
"554","herzowh01",634,1614,213,414,60,20,25,172,13,241,261,"Y"
"555","hickmji02",1421,3974,518,1002,163,25,159,560,17,491,832,"N"
"556","higgibo02",1362,4910,736,1336,270,33,187,709,91,649,796,"N"
"557","higgipi01",1802,6636,930,1941,374,51,140,1075,61,800,590,"N"
"558","hillejo01",546,NA,NA,NA,NA,NA,NA,NA,NA,NA,NA,"N"
"559","hinchbi01",908,3043,364,793,128,69,20,369,85,298,NA,"N"
"560","hislela01",1197,4205,652,1146,193,32,166,674,128,462,941,"N"
"561","hodgegi01",2071,7030,1105,1921,295,48,370,1274,63,943,1137,"N"
"562","hoernjo01",493,NA,NA,NA,NA,NA,NA,NA,NA,NA,NA,"N"
"563","hoffmtr01",1035,34,1,4,2,0,0,5,0,0,11,"N"
"564","holmeto01",1320,4992,698,1507,292,47,88,581,40,480,122,"N"
"565","holtzke01",456,NA,NA,NA,NA,NA,NA,NA,NA,NA,NA,"N"
"566","honeyri01",801,NA,NA,NA,NA,NA,NA,NA,NA,NA,NA,"N"
"567","hoopeha01",2309,8785,1429,2466,389,160,75,817,375,1136,NA,"N"
"568","hoopeha01",2309,8785,1429,2466,389,160,75,817,375,1136,NA,"Y"
"569","hootobu01",481,NA,NA,NA,NA,NA,NA,NA,NA,NA,NA,"N"
"570","hornebo01",1020,3777,560,1047,169,8,218,685,14,369,512,"N"
"571","hornsro01",2259,8173,1579,2930,541,169,301,1584,135,1038,679,"N"
"572","hornsro01",2259,8173,1579,2930,541,169,301,1584,135,1038,679,"Y"
"573","hortowi01",2028,7298,873,1993,284,40,325,1163,20,620,1313,"N"
"574","houghch01",858,NA,NA,NA,NA,NA,NA,NA,NA,NA,NA,"N"
"575","houttar01",330,513,37,99,12,1,2,37,2,14,77,"N"
"576","howarel01",1605,5363,619,1471,218,50,167,762,9,373,786,"N"
"577","howarfr01",1895,6488,864,1774,245,35,382,1119,8,782,1460,"N"
"578","howear01",891,2626,268,682,139,23,43,293,10,275,287,"N"
"579","howelro02",1112,3791,422,991,183,31,80,454,9,318,675,"N"
"580","hoytwa01",674,1287,96,255,26,11,0,100,0,40,161,"N"
"581","hoytwa01",674,1287,96,255,26,11,0,100,0,40,161,"Y"
"582","hraboal01",546,NA,NA,NA,NA,NA,NA,NA,NA,NA,NA,"N"
"583","hrbekke01",1747,6192,903,1749,312,18,293,1086,37,838,798,"N"
"584","hubbeca01",535,1288,95,246,30,2,4,101,1,33,172,"Y"
"585","hubbeca01",535,1288,95,246,30,2,4,101,1,33,172,"N"
"586","huggimi01",1586,5558,948,1474,146,50,9,318,324,1003,NA,"N"
"587","huggimi01",1586,5558,948,1474,146,50,9,318,324,1003,NA,"Y"
"588","hundlra01",1061,3442,311,813,118,13,82,381,12,271,565,"N"
"589","hunteca01",515,NA,NA,NA,NA,NA,NA,NA,NA,NA,NA,"Y"
"590","hunteca01",515,NA,NA,NA,NA,NA,NA,NA,NA,NA,NA,"N"
"591","huntro01",1483,5235,745,1429,223,23,39,370,65,555,382,"N"
"592","hurstbr01",380,NA,NA,NA,NA,NA,NA,NA,NA,NA,NA,"N"
"593","hutchfr01",354,650,71,171,23,3,4,83,6,66,30,"N"
"594","irvinmo01",764,2499,366,731,97,31,99,443,28,351,220,"Y"
"595","irwinch01",989,3679,555,981,144,46,16,488,180,286,NA,"N"
"596","jacksda02",355,NA,NA,NA,NA,NA,NA,NA,NA,NA,NA,"N"
"597","jacksgr01",718,NA,NA,NA,NA,NA,NA,NA,NA,NA,NA,"N"
"598","jacksjo01",1332,4981,873,1772,307,168,54,785,202,519,NA,"N"
"599","jacksmi02",1005,NA,NA,NA,NA,NA,NA,NA,NA,NA,NA,"N"
"600","jacksre01",2820,9864,1551,2584,463,49,563,1702,228,1375,2597,"Y"
"601","jacksso01",936,3055,396,767,81,28,7,162,126,250,265,"N"
"602","jackstr01",1656,6086,833,1768,291,86,135,929,71,412,565,"N"
"603","jackstr01",1656,6086,833,1768,291,86,135,929,71,412,565,"Y"
"604","jeffegr01",1465,5520,761,1593,300,27,126,663,196,472,348,"N"
"605","jenkife01",665,NA,NA,NA,NA,NA,NA,NA,NA,NA,NA,"Y"
"606","jenkife01",665,NA,NA,NA,NA,NA,NA,NA,NA,NA,NA,"N"
"607","jennihu01",1285,4904,994,1527,232,88,18,840,359,347,NA,"N"
"608","jennihu01",1285,4904,994,1527,232,88,18,840,359,347,NA,"Y"
"609","jenseja01",1438,5236,810,1463,259,45,199,929,143,750,546,"N"
"610","johnsal01",1322,4623,550,1331,180,33,78,525,113,244,626,"N"
"611","johnsbo01",1863,6920,1239,2051,396,95,288,1283,96,1075,851,"N"
"612","johnsch04",1188,3836,465,940,211,4,167,570,6,475,997,"N"
"613","johnsda02",1435,4797,564,1252,242,18,136,609,33,559,675,"N"
"614","johnsde01",1765,5941,706,1447,247,33,245,923,11,585,1318,"N"
"615","johnsho01",1531,4940,760,1229,247,22,228,760,231,692,1053,"N"
"616","johnsra05",619,NA,NA,NA,NA,NA,NA,NA,NA,NA,NA,"Y"
"617","johnswa01",933,2324,241,547,94,41,24,255,13,110,NA,"Y"
"618","johnto01",761,NA,NA,NA,NA,NA,NA,NA,NA,NA,NA,"N"
"619","jonescl01",1213,4263,565,1196,183,33,93,524,91,360,702,"N"
"620","jonesdo01",846,NA,NA,NA,NA,NA,NA,NA,NA,NA,NA,"N"
"621","jonesfi01",1788,6747,1180,1920,206,75,21,631,359,817,NA,"N"
"622","jonesja05",40,107,11,23,6,0,3,11,0,10,21,"N"
"623","jonesra01",319,599,37,79,8,0,0,20,1,22,235,"N"
"624","jonessa01",713,1243,151,245,44,5,6,99,7,139,346,"N"
"625","jonesto02",982,19,1,4,1,0,0,0,0,1,6,"N"
"626","jordabr01",1456,5160,755,1454,267,37,184,821,119,353,842,"N"
"627","jordati01",540,1813,220,474,74,24,32,232,48,254,NA,"N"
"628","jorgemi01",1633,3421,429,833,132,13,95,426,58,532,589,"N"
"629","jossad01",296,817,46,118,21,6,1,51,10,54,NA,"N"
"630","jossad01",296,817,46,118,21,6,1,51,10,54,NA,"Y"
"631","joynewa01",2033,7127,973,2060,409,26,204,1106,60,833,825,"N"
"632","judgejo01",2171,7898,1184,2352,433,159,71,1034,213,965,478,"N"
"633","jurgebi01",1816,6253,721,1613,245,55,43,656,36,568,530,"N"
"634","justida01",1610,5625,929,1571,280,24,305,1017,53,903,999,"N"
"635","kaatji01",1004,NA,NA,NA,NA,NA,NA,NA,NA,NA,NA,"N"
"636","kalinal01",2834,10116,1622,3007,498,75,399,1583,137,1277,1020,"Y"
"637","kammwi01",1693,5851,802,1643,348,85,29,826,126,824,405,"N"
"638","karroer01",1755,6441,797,1724,324,11,284,1027,59,552,1167,"N"
"639","keefeti01",618,2083,248,390,60,38,12,134,NA,175,NA,"Y"
"640","keefeti01",618,2083,248,390,60,38,12,134,NA,175,NA,"N"
"641","keelewi01",2123,8591,1719,2932,241,145,33,810,495,524,NA,"N"
"642","keelewi01",2123,8591,1719,2932,241,145,33,810,495,524,NA,"Y"
"643","kellech01",1170,3790,725,1085,166,72,189,760,45,784,499,"N"
"644","kellejo01",1853,7006,1421,2220,358,194,65,1194,443,911,NA,"Y"
"645","kellejo01",1853,7006,1421,2220,358,194,65,1194,443,911,NA,"N"
"646","kellge01",1795,6702,881,2054,385,50,78,870,51,621,287,"N"
"647","kellge01",1795,6702,881,2054,385,50,78,870,51,621,287,"Y"
"648","kellyge01",1622,5993,819,1778,337,76,148,1020,65,386,694,"N"
"649","kellyge01",1622,5993,819,1778,337,76,148,1020,65,386,694,"Y"
"650","kellyki01",1455,5894,1357,1813,359,102,69,950,NA,549,418,"Y"
"651","kellyki01",1455,5894,1357,1813,359,102,69,950,NA,549,418,"N"
"652","keltnke01",1526,5683,737,1570,308,69,163,852,39,514,480,"N"
"653","kendaja01",2085,7627,1030,2195,394,35,75,744,189,721,686,"N"
"654","kennejo03",856,2110,237,475,77,17,32,185,14,142,461,"N"
"655","kennete02",1491,4979,474,1313,244,12,113,628,6,365,855,"N"
"656","kentje01",2298,8498,1320,2461,560,47,377,1518,94,801,1522,"N"
"657","kerrdi01",143,275,40,60,8,5,0,21,4,28,26,"N"
"658","kessido01",2078,7651,899,1931,254,80,14,527,100,684,759,"N"
"659","keyji01",471,NA,NA,NA,NA,NA,NA,NA,NA,NA,NA,"N"
"660","kileda01",364,657,38,87,23,0,2,40,0,43,300,"N"
"661","killebi01",1035,3150,237,751,86,21,4,240,39,113,NA,"N"
"662","killeha01",2435,8147,1283,2086,290,24,573,1584,19,1559,1699,"N"
"663","killeha01",2435,8147,1283,2086,290,24,573,1584,19,1559,1699,"Y"
"664","kilroma01",330,1062,163,236,24,17,1,103,67,118,NA,"N"
"665","kindeel01",484,444,34,63,7,1,1,33,0,23,123,"N"
"666","kinerra01",1472,5205,971,1451,216,39,369,1015,22,1011,749,"N"
"667","kinerra01",1472,5205,971,1451,216,39,369,1015,22,1011,749,"Y"
"668","kingmda01",1941,6677,901,1575,240,25,442,1210,85,608,1816,"N"
"669","kisonbr01",388,NA,NA,NA,NA,NA,NA,NA,NA,NA,NA,"N"
"670","kleinch01",1753,6486,1168,2076,398,74,300,1201,79,601,521,"N"
"671","kleinch01",1753,6486,1168,2076,398,74,300,1201,79,601,521,"Y"
"672","kleskry01",1736,5611,874,1564,343,33,278,987,91,817,1077,"N"
"673","klingjo01",1260,4241,474,1151,181,61,20,513,123,281,NA,"N"
"674","kluszte01",1718,5929,848,1766,290,29,279,1028,20,492,365,"N"
"675","knabeot01",1278,4469,572,1103,178,48,8,365,143,485,NA,"N"
"676","kneppbo01",449,840,47,115,28,2,6,59,2,41,333,"N"
"677","knighra01",1495,4829,490,1311,266,27,84,595,14,343,579,"N"
"678","knoblch01",1632,6366,1132,1839,322,64,98,615,407,804,730,"N"
"679","knowlda01",766,NA,NA,NA,NA,NA,NA,NA,NA,NA,NA,"N"
"680","koosmje01",612,NA,NA,NA,NA,NA,NA,NA,NA,NA,NA,"N"
"681","koscoan01",658,1963,204,464,75,8,73,267,5,99,350,"N"
"682","koufasa01",397,776,26,75,9,0,2,28,0,43,386,"Y"
"683","kraneed01",1853,5436,536,1418,225,25,118,614,15,454,581,"N"
"684","krausle02",334,354,23,47,9,1,6,24,1,26,163,"N"
"685","kremera01",309,687,57,122,30,2,5,69,0,37,213,"N"
"686","kressre01",1391,5087,691,1454,298,58,89,799,47,474,453,"N"
"687","krukjo01",1200,3897,582,1170,199,34,100,592,58,649,701,"N"
"688","krukomi01",371,722,44,139,22,0,5,54,3,17,194,"N"
"689","kuennha01",1833,6913,951,2092,356,56,87,671,68,594,404,"N"
"690","kuheljo01",2104,7984,1236,2212,412,111,131,1049,178,980,612,"N"
"691","kuzavbo01",214,256,21,22,1,0,1,10,0,29,96,"N"
"692","lajoina01",2480,9589,1504,3242,657,163,83,1599,380,516,NA,"N"
"693","lajoina01",2480,9589,1504,3242,657,163,83,1599,380,516,NA,"Y"
"694","langebi01",811,3195,689,1055,133,80,39,578,399,350,NA,"N"
"695","langsma01",459,NA,NA,NA,NA,NA,NA,NA,NA,NA,NA,"N"
"696","lanieha01",1196,3703,297,843,111,20,8,273,11,136,436,"N"
"697","lankfra01",1701,5747,968,1561,356,54,238,874,258,828,1550,"N"
"698","lansfca01",1862,7158,1007,2074,332,40,151,874,224,553,719,"N"
"699","larkiba01",2180,7937,1329,2340,441,76,198,960,379,939,817,"N"
"700","larkiba01",2180,7937,1329,2340,441,76,198,960,379,939,817,"Y"
"701","larsedo01",480,596,65,144,25,5,14,72,0,43,138,"N"
"702","larusto01",132,176,15,35,5,2,0,7,0,23,37,"Y"
"703","lasorto01",27,14,0,1,0,0,0,0,0,0,4,"Y"
"704","lathaar01",1627,6822,1478,1833,245,85,27,563,NA,588,NA,"N"
"705","lavagco01",1043,3509,487,945,183,37,40,486,63,485,244,"N"
"706","lawve01",516,883,96,191,35,7,11,90,1,41,179,"N"
"707","lazzeto01",1740,6297,986,1840,334,115,178,1191,148,869,864,"N"
"708","lazzeto01",1740,6297,986,1840,334,115,178,1191,148,869,864,"Y"
"709","leachfr01",991,3733,543,1147,196,53,72,509,32,163,189,"N"
"710","leachto01",2156,7959,1355,2143,266,172,63,810,361,820,NA,"N"
"711","leebi03",419,NA,NA,NA,NA,NA,NA,NA,NA,NA,NA,"N"
"712","leevesa01",389,993,90,183,17,14,2,78,4,49,NA,"N"
"713","leibrch01",394,NA,NA,NA,NA,NA,NA,NA,NA,NA,NA,"N"
"714","leiteal01",419,NA,NA,NA,NA,NA,NA,NA,NA,NA,NA,"N"
"715","lemonbo01",615,1183,148,274,54,9,37,147,2,93,241,"Y"
"716","lemonbo01",615,1183,148,274,54,9,37,147,2,93,241,"N"
"717","lemonch01",1988,6868,973,1875,396,61,215,884,58,749,1024,"N"
"718","leonade01",313,NA,NA,NA,NA,NA,NA,NA,NA,NA,NA,"N"
"719","leonadu02",640,1054,53,177,18,4,0,69,1,20,183,"N"
"720","leonaje01",1415,5045,614,1342,223,37,144,723,163,342,1000,"N"
"721","lewisdu01",1459,5351,612,1518,289,68,38,793,113,352,NA,"N"
"722","lindsfr01",1438,5611,895,1747,301,81,103,779,84,334,276,"N"
"723","lindsfr01",1438,5611,895,1747,301,81,103,779,84,334,276,"Y"
"724","linzyfr01",516,121,5,18,0,1,1,3,0,3,42,"N"
"725","loberha01",1317,4563,640,1252,159,82,32,482,316,395,NA,"N"
"726","lockebo01",168,98,12,25,2,0,1,12,0,9,22,"N"
"727","lockmwh01",1666,5940,836,1658,222,49,114,563,43,552,383,"N"
"728","loducpa01",1082,3892,483,1112,222,8,80,481,20,266,295,"N"
"729","loftoke01",2103,8120,1528,2428,383,116,130,781,622,945,1016,"N"
"730","lolicmi01",592,NA,NA,NA,NA,NA,NA,NA,NA,NA,NA,"N"
"731","lombaer01",1853,5855,601,1792,277,27,190,990,8,430,262,"N"
"732","lombaer01",1853,5855,601,1792,277,27,190,990,8,430,262,"Y"
"733","lonboji01",426,770,41,105,17,2,3,43,1,51,330,"N"
"734","longhe01",1874,7674,1455,2127,342,97,91,1055,534,612,NA,"N"
"735","lopated01",357,887,87,187,26,5,5,77,0,73,92,"N"
"736","lopesda01",1812,6354,1023,1671,232,50,155,614,557,833,852,"N"
"737","lopezal01",1950,5916,613,1547,206,43,51,652,46,556,538,"N"
"738","lopezal01",1950,5916,613,1547,206,43,51,652,46,556,538,"Y"
"739","lopezja01",1503,5319,674,1527,267,19,260,864,8,357,969,"N"
"740","lowebo01",1818,7064,1131,1929,230,85,71,984,302,473,NA,"N"
"741","lowelmi01",1601,5813,771,1619,394,7,223,952,30,548,817,"N"
"742","lowenjo01",1368,3476,510,881,137,18,116,441,128,446,596,"N"
"743","lucasre01",907,1439,155,404,61,13,3,190,2,124,133,"N"
"744","luquedo01",559,1043,96,237,31,10,5,90,7,70,114,"N"
"745","luzingr01",1821,6505,880,1795,344,24,307,1128,37,845,1495,"N"
"746","lylesp01",899,NA,NA,NA,NA,NA,NA,NA,NA,NA,NA,"N"
"747","lynnfr01",1969,6925,1063,1960,388,43,306,1111,72,857,1116,"N"
"748","lyonste01",705,1563,162,364,49,9,5,149,0,73,201,"N"
"749","lyonste01",705,1563,162,364,49,9,5,149,0,73,201,"Y"
"750","mackco01",723,2695,391,659,79,28,5,265,127,169,127,"Y"
"751","mackco01",723,2695,391,659,79,28,5,265,127,169,127,"N"
"752","maddoga01",1749,6331,777,1802,337,62,117,754,248,323,781,"N"
"753","maddugr01",759,1591,103,272,35,2,5,84,11,34,419,"Y"
"754","madlobi01",1806,6594,920,2008,348,34,163,860,174,605,510,"N"
"755","mageesh01",2087,7441,1112,2169,425,166,83,1176,441,736,NA,"N"
"756","maglisa01",304,563,29,76,5,1,2,29,1,20,180,"N"
"757","malonji01",321,628,51,126,21,4,7,53,2,33,139,"N"
"758","mancugu01",1460,4505,386,1194,197,16,53,543,8,418,264,"N"
"759","mantlmi01",2401,8102,1677,2415,344,72,536,1509,153,1733,1710,"Y"
"760","manushe01",2008,7654,1287,2524,491,160,110,1183,114,506,345,"Y"
"761","manushe01",2008,7654,1287,2524,491,160,110,1183,114,506,345,"N"
"762","maranra01",2670,10078,1255,2605,380,177,28,884,291,839,756,"N"
"763","maranra01",2670,10078,1255,2605,380,177,28,884,291,839,756,"Y"
"764","marbefi01",551,668,60,128,21,3,1,65,2,22,111,"N"
"765","maricju01",475,NA,NA,NA,NA,NA,NA,NA,NA,NA,NA,"N"
"766","maricju01",475,NA,NA,NA,NA,NA,NA,NA,NA,NA,NA,"Y"
"767","marioma01",1572,5506,602,1448,272,37,36,624,35,470,537,"N"
"768","marisro01",1463,5101,826,1325,195,42,275,851,21,652,733,"N"
"769","marquru01",536,1107,63,198,17,3,1,64,6,33,NA,"N"
"770","marquru01",536,1107,63,198,17,3,1,64,6,33,NA,"Y"
"771","marshmi01",725,NA,NA,NA,NA,NA,NA,NA,NA,NA,NA,"N"
"772","martibi02",1021,3419,425,877,137,28,64,333,34,188,355,"N"
"773","martide01",695,NA,NA,NA,NA,NA,NA,NA,NA,NA,NA,"N"
"774","martied01",2055,7213,1219,2247,514,15,309,1261,49,1283,1202,"N"
"775","martimo01",250,165,15,28,2,0,0,7,0,4,45,"N"
"776","martipe01",1189,4117,754,1227,270,75,59,501,146,369,438,"N"
"777","martipe02",477,434,22,43,6,2,0,18,0,15,190,"Y"
"778","martiti02",2023,7111,1008,1925,365,21,339,1271,27,780,1069,"N"
"779","mathech01",646,1684,151,362,50,12,7,165,20,116,NA,"Y"
"780","matheed01",2391,8537,1509,2315,354,72,512,1453,68,1444,1487,"N"
"781","matheed01",2391,8537,1509,2315,354,72,512,1453,68,1444,1487,"Y"
"782","matlajo01",362,NA,NA,NA,NA,NA,NA,NA,NA,NA,NA,"N"
"783","matthga01",2033,7147,1083,2011,319,51,234,978,183,940,1125,"N"
"784","mattido01",1785,7003,1007,2153,442,20,222,1099,14,588,444,"N"
"785","maxvida01",1423,3443,302,748,79,24,6,252,7,370,538,"N"
"786","maybejo01",1620,5447,733,1379,211,19,255,879,20,881,810,"N"
"787","mayca01",1165,4120,545,1127,172,23,90,536,85,512,565,"N"
"788","mayje01",556,1527,120,357,63,10,15,130,1,157,293,"N"
"789","mayle01",2071,7609,959,2031,340,31,354,1244,39,487,1570,"N"
"790","mayru01",536,NA,NA,NA,NA,NA,NA,NA,NA,NA,NA,"N"
"791","maysca01",502,1085,113,291,32,21,5,110,1,66,116,"N"
"792","mayswi01",2992,10881,2062,3283,523,140,660,1903,338,1464,1526,"Y"
"793","mazerbi01",2163,7755,769,2016,294,62,138,853,27,447,706,"N"
"794","mazerbi01",2163,7755,769,2016,294,62,138,853,27,447,706,"Y"
"795","mcaleji01",1020,3977,619,1007,114,39,12,469,262,365,NA,"N"
"796","mcauldi01",1763,6185,888,1530,231,71,197,697,63,882,974,"N"
"797","mcbriba01",1071,3853,548,1153,167,55,63,430,183,248,457,"N"
"798","mccarti01",1909,5529,590,1501,242,57,97,645,61,548,422,"N"
"799","mccarto01",1275,5128,1069,1496,192,53,44,NA,NA,537,NA,"Y"
"800","mccarto01",1275,5128,1069,1496,192,53,44,NA,NA,537,NA,"N"
"801","mccorfr01",1534,5723,722,1711,334,26,128,951,27,399,189,"N"
"802","mccovwi01",2588,8197,1229,2211,353,46,521,1555,26,1345,1550,"Y"
"803","mcdanli01",988,NA,NA,NA,NA,NA,NA,NA,NA,NA,NA,"N"
"804","mcdougi01",1336,4676,697,1291,187,51,112,576,45,559,623,"N"
"805","mcdowja01",277,NA,NA,NA,NA,NA,NA,NA,NA,NA,NA,"N"
"806","mcdowsa01",429,NA,NA,NA,NA,NA,NA,NA,NA,NA,NA,"N"
"807","mcgeewi01",2201,7649,1010,2254,350,94,79,856,352,448,1238,"N"
"808","mcginjo01",477,1297,109,251,21,10,0,90,26,34,NA,"N"
"809","mcginjo01",477,1297,109,251,21,10,0,90,26,34,NA,"Y"
"810","mcgloly01",320,NA,NA,NA,NA,NA,NA,NA,NA,NA,NA,"N"
"811","mcgrajo01",1099,3924,1024,1309,121,70,13,462,436,836,NA,"N"
"812","mcgrajo01",1099,3924,1024,1309,121,70,13,462,436,836,NA,"Y"
"813","mcgratu01",826,214,14,39,7,0,1,18,0,10,57,"N"
"814","mcgresc01",357,NA,NA,NA,NA,NA,NA,NA,NA,NA,NA,"N"
"815","mcgrifr01",2460,8757,1349,2490,441,24,493,1550,72,1305,1882,"N"
"816","mcgwima01",1874,6187,1167,1626,252,6,583,1414,12,1317,1596,"N"
"817","mcinnst01",2128,7822,872,2405,312,101,20,1063,172,380,NA,"N"
"818","mckecbi01",846,2843,319,713,86,33,8,240,127,190,NA,"N"
"819","mckecbi01",846,2843,319,713,86,33,8,240,127,190,NA,"Y"
"820","mclaide01",285,616,32,82,5,2,1,31,1,25,244,"N"
"821","mcleala01",862,2647,183,694,90,26,6,298,20,136,NA,"N"
"822","mcmahdo02",874,168,8,23,4,0,0,9,0,10,87,"N"
"823","mcmanma01",1831,6660,1008,1926,401,88,120,999,126,675,558,"N"
"824","mcmilro01",2093,6752,739,1639,253,35,68,594,41,665,711,"N"
"825","mcmulke01",1583,5131,568,1273,172,26,156,606,20,510,815,"N"
"826","mcnalda01",425,NA,NA,NA,NA,NA,NA,NA,NA,NA,NA,"N"
"827","mcphebi01",2135,8291,1678,2250,303,188,53,1067,568,981,NA,"Y"
"828","mcraeha01",2084,7218,940,2091,484,66,191,1097,109,648,779,"N"
"829","mcveyca01",530,2513,555,869,132,44,11,448,NA,30,51,"N"
"830","meadole01",498,1117,80,201,21,10,5,75,0,34,272,"N"
"831","medicdo01",314,NA,NA,NA,NA,NA,NA,NA,NA,NA,NA,"N"
"832","medwijo01",1984,7635,1198,2471,540,113,205,1383,42,437,551,"N"
"833","medwijo01",1984,7635,1198,2471,540,113,205,1383,42,437,551,"Y"
"834","meltobi01",1144,3971,496,1004,162,9,160,591,23,479,669,"N"
"835","menkede01",1598,5071,605,1270,225,40,101,606,34,698,853,"N"
"836","mesajo01",1023,NA,NA,NA,NA,NA,NA,NA,NA,NA,NA,"N"
"837","messean01",353,NA,NA,NA,NA,NA,NA,NA,NA,NA,NA,"N"
"838","meusebo01",1407,5475,826,1693,368,95,156,1068,142,375,619,"N"
"839","miksied01",1042,3053,383,722,95,17,44,228,52,215,313,"N"
"840","milancl01",1982,7359,1004,2100,240,105,17,617,495,685,NA,"N"
"841","millafe01",1480,5791,699,1617,229,38,22,403,67,318,242,"N"
"842","millebi02",1820,6212,946,1934,389,96,116,992,127,383,340,"N"
"843","millebo04",707,NA,NA,NA,NA,NA,NA,NA,NA,NA,NA,"N"
"844","milledo02",1589,5805,711,1526,232,108,32,715,177,391,NA,"N"
"845","milleha01",349,1200,164,387,65,11,38,205,10,64,103,"N"
"846","milleno01",540,1364,166,325,68,10,24,159,16,160,265,"N"
"847","milnejo01",1215,3436,455,855,140,16,131,498,31,504,473,"N"
"848","minosmi01",1835,6579,1136,1963,336,83,186,1023,205,814,584,"N"
"849","mitchke01",1223,4134,630,1173,224,25,234,760,30,491,719,"N"
"850","mizejo01",1884,6443,1118,2011,367,83,359,1337,28,856,524,"Y"
"851","mizejo01",1884,6443,1118,2011,367,83,359,1337,28,856,524,"N"
"852","molitpa01",2683,10835,1782,3319,605,114,234,1307,504,1094,1244,"Y"
"853","mondari01",1986,6136,950,1619,248,64,241,775,98,924,1513,"N"
"854","mondera01",1525,5814,909,1589,319,49,271,860,229,475,1130,"N"
"855","moneydo01",1720,6215,798,1623,302,36,176,729,80,600,866,"N"
"856","montawi01",1632,5843,645,1604,279,25,139,802,32,465,751,"N"
"857","montgje01",700,NA,NA,NA,NA,NA,NA,NA,NA,NA,NA,"N"
"858","moonwa01",1457,4843,737,1399,212,60,142,661,89,644,591,"N"
"859","moorejo02",1335,5427,809,1615,258,53,79,513,46,348,247,"N"
"860","moorete01",1298,4700,719,1318,263,28,80,513,82,406,368,"N"
"861","moraljo01",733,1305,126,375,68,6,26,207,0,89,182,"N"
"862","moranpa01",818,2634,198,618,102,24,18,262,55,142,NA,"N"
"863","morgajo02",2649,9277,1650,2517,449,96,268,1133,689,1865,1015,"Y"
"864","morriha02",1246,3998,535,1216,246,21,76,513,45,356,548,"N"
"865","morrija02",568,NA,NA,NA,NA,NA,NA,NA,NA,NA,NA,"N"
"866","moseswa01",2012,7356,1124,2138,435,110,89,679,174,821,457,"N"
"867","mostijo01",972,3507,618,1054,209,82,23,376,176,415,336,"N"
"868","motama01",1536,3779,496,1149,125,52,31,438,50,289,320,"N"
"869","muellbi02",1216,4223,663,1229,265,22,85,493,20,543,571,"N"
"870","mulcahu01",223,388,24,64,9,0,0,21,0,14,51,"N"
"871","mulhote01",687,NA,NA,NA,NA,NA,NA,NA,NA,NA,NA,"N"
"872","mungova01",410,787,56,174,24,4,0,74,1,29,164,"N"
"873","munsoth01",1423,5344,696,1558,229,32,113,701,48,438,571,"N"
"874","murcebo01",1908,6730,972,1862,285,45,252,1043,127,862,841,"N"
"875","murphda02",1496,5399,705,1563,289,102,44,702,193,335,NA,"N"
"876","murphda05",2180,7960,1197,2111,350,39,398,1266,161,986,1748,"N"
"877","murraed02",3026,11336,1627,3255,560,35,504,1917,110,1333,1516,"Y"
"878","murrare01",1264,4334,555,1170,168,96,37,579,321,299,NA,"N"
"879","murreiv01",564,1306,126,308,41,15,33,123,20,44,342,"N"
"880","musiast01",3026,10972,1949,3630,725,177,475,1951,78,1599,696,"Y"
"881","mussimi01",537,NA,NA,NA,NA,NA,NA,NA,NA,NA,NA,"N"
"882","myerbu01",1923,7038,1174,2131,353,130,38,850,156,965,428,"N"
"883","myersra01",729,60,5,11,3,0,0,7,0,3,33,"N"
"884","nehfar01",464,915,90,192,29,5,8,76,7,86,122,"N"
"885","nenro01",643,NA,NA,NA,NA,NA,NA,NA,NA,NA,NA,"N"
"886","nettlgr01",2700,8986,1193,2225,328,28,390,1314,32,1088,1209,"N"
"887","nevinph01",1217,4188,584,1131,209,6,208,743,18,449,1019,"N"
"888","newcodo01",452,878,94,238,33,3,15,108,2,87,147,"N"
"889","newhoha01",492,999,71,201,22,2,2,81,3,89,150,"N"
"890","newhoha01",492,999,71,201,22,2,2,81,3,89,150,"Y"
"891","newsobo01",609,1337,86,253,28,3,1,102,1,17,266,"N"
"892","nichobi01",1677,5546,837,1484,272,60,235,948,27,800,828,"N"
"893","nichoki01",649,2086,273,471,58,24,16,278,19,137,NA,"N"
"894","nichoki01",649,2086,273,471,58,24,16,278,19,137,NA,"Y"
"895","niekrjo01",706,NA,NA,NA,NA,NA,NA,NA,NA,NA,NA,"N"
"896","niekrph01",866,NA,NA,NA,NA,NA,NA,NA,NA,NA,NA,"N"
"897","niekrph01",866,NA,NA,NA,NA,NA,NA,NA,NA,NA,NA,"Y"
"898","nixonot01",1709,5115,878,1379,142,27,11,318,620,585,694,"N"
"899","nolanga01",252,529,36,73,9,4,1,32,0,38,211,"N"
"900","northji01",1392,4692,603,1254,218,42,153,610,39,449,635,"N"
"901","northro01",1084,3172,385,874,172,28,108,513,7,361,297,"N"
"902","odayha01",232,817,76,155,19,3,1,46,7,39,NA,"Y"
"903","odoulle01",970,3264,624,1140,175,41,113,542,36,333,122,"N"
"904","oeschjo01",366,599,34,99,13,0,0,41,0,20,138,"N"
"905","ofarrbo01",1492,4101,517,1120,201,58,51,549,35,547,408,"N"
"906","oglivbe01",1754,5913,784,1615,277,33,235,901,87,560,852,"N"
"907","olearch01",955,3232,317,731,104,18,3,213,74,164,NA,"N"
"908","olerujo01",2234,7592,1139,2239,500,13,255,1230,11,1275,1016,"N"
"909","olivato01",1676,6301,870,1917,329,48,220,947,86,448,645,"N"
"910","oliveal01",2368,9049,1189,2743,529,77,219,1326,84,535,756,"N"
"911","oneilpa01",2053,7318,1041,2105,451,21,281,1269,141,892,1166,"N"
"912","oneilst01",1590,4795,448,1259,248,34,13,537,30,592,NA,"N"
"913","oroscje01",1252,NA,NA,NA,NA,NA,NA,NA,NA,NA,NA,"N"
"914","orourji01",1999,8505,1729,2643,465,151,62,1203,NA,510,NA,"Y"
"915","osteecl01",588,NA,NA,NA,NA,NA,NA,NA,NA,NA,NA,"N"
"916","otisam01",1998,7299,1092,2020,374,66,193,1007,341,757,1008,"N"
"917","ottme01",2730,9456,1859,2876,488,72,511,1860,89,1708,896,"Y"
"918","ottme01",2730,9456,1859,2876,488,72,511,1860,89,1708,896,"N"
"919","paborch01",170,715,101,204,12,12,0,81,3,8,8,"N"
"920","pafkoan01",1852,6292,844,1796,264,62,213,976,38,561,477,"N"
"921","paganjo01",1326,3689,387,922,138,26,52,372,46,244,510,"N"
"922","paigesa01",179,124,2,12,0,0,0,4,0,3,32,"Y"
"923","paigesa01",179,124,2,12,0,0,0,4,0,3,32,"N"
"924","palmeji01",576,NA,NA,NA,NA,NA,NA,NA,NA,NA,NA,"Y"
"925","palmera01",2831,10472,1663,3020,585,38,569,1835,97,1353,1348,"N"
"926","pappami01",527,1073,72,132,13,3,20,67,1,36,510,"N"
"927","parkeda01",2466,9358,1272,2712,526,75,339,1493,154,683,1537,"N"
"928","parrila01",1891,6792,850,1789,360,33,256,992,30,529,1359,"N"
"929","parrila02",1988,7067,856,1782,305,27,324,1070,28,612,1527,"N"
"930","pascuca02",542,967,71,198,32,5,5,81,0,46,123,"N"
"931","paskedo01",1716,6017,868,1613,279,77,42,577,293,715,NA,"N"
"932","pearsmo01",225,513,58,117,24,1,2,62,2,39,59,"N"
"933","peckiro01",2012,7233,1006,1876,256,75,48,740,205,814,NA,"N"
"934","peitzhe01",1234,4121,532,1117,191,66,16,560,91,409,NA,"N"
"935","penato01",1988,6489,667,1687,298,27,107,708,80,455,846,"N"
"936","pendlte01",1893,7032,851,1897,356,39,140,946,127,486,979,"N"
"937","pennohe01",620,1214,108,232,33,4,4,103,1,94,NA,"N"
"938","pennohe01",620,1214,108,232,33,4,4,103,1,94,NA,"Y"
"939","pepitjo01",1397,5097,606,1315,158,35,219,721,41,302,526,"N"
"940","percitr01",703,NA,NA,NA,NA,NA,NA,NA,NA,NA,NA,"N"
"941","perduhu01",161,300,20,42,1,1,0,10,0,12,75,"N"
"942","perezto01",2777,9778,1272,2732,505,79,379,1652,49,925,1867,"Y"
"943","perezto01",2777,9778,1272,2732,505,79,379,1652,49,925,1867,"N"
"944","perkicy01",1171,3604,329,933,175,35,30,409,18,301,221,"N"
"945","perraro01",737,167,6,16,1,1,0,3,0,10,92,"N"
"946","perryga01",787,NA,NA,NA,NA,NA,NA,NA,NA,NA,NA,"N"
"947","perryga01",787,NA,NA,NA,NA,NA,NA,NA,NA,NA,NA,"Y"
"948","perryji01",635,NA,NA,NA,NA,NA,NA,NA,NA,NA,NA,"N"
"949","peskyjo01",1270,4745,867,1455,226,50,17,404,53,662,218,"N"
"950","petrori01",1553,5390,653,1352,237,22,210,773,10,661,926,"N"
"951","phillde01",377,980,96,185,23,6,3,90,4,49,NA,"N"
"952","phillto02",2161,7617,1300,2023,360,50,160,819,177,1319,1499,"N"
"953","piazzmi01",1912,6911,1048,2127,344,8,427,1335,17,759,1113,"N"
"954","piazzmi01",1912,6911,1048,2127,344,8,427,1335,17,759,1113,"Y"
"955","piercbi02",616,1102,94,203,13,4,0,69,1,65,232,"N"
"956","pikeli01",425,1983,433,637,119,53,20,332,NA,49,NA,"N"
"957","pinielo01",1747,5867,651,1705,305,41,102,766,32,368,541,"N"
"958","pinsova01",2469,9645,1366,2757,485,127,256,1170,305,574,1196,"N"
"959","pippwa01",1872,6914,974,1941,311,148,90,998,125,596,551,"N"
"960","pizarju01",496,658,72,133,18,2,8,66,1,32,191,"N"
"961","planked01",630,1607,130,331,39,7,3,122,13,71,NA,"N"
"962","planked01",630,1607,130,331,39,7,3,122,13,71,NA,"Y"
"963","plesada01",1064,NA,NA,NA,NA,NA,NA,NA,NA,NA,NA,"N"
"964","podrejo01",462,762,61,145,19,1,2,50,1,32,108,"N"
"965","portebo01",322,516,34,95,15,1,6,43,1,20,123,"N"
"966","porteda02",1782,5539,765,1369,237,48,188,826,39,905,1025,"N"
"967","powelbo01",2042,6681,889,1776,270,11,339,1187,20,1001,1226,"N"
"968","powervi01",1627,6046,765,1716,290,49,126,658,45,279,247,"N"
"969","pruethu01",211,212,9,36,5,1,0,12,0,21,52,"N"
"970","puckeki01",1783,7244,1071,2304,414,57,207,1085,134,450,965,"Y"
"971","puhlte01",1531,4855,676,1361,226,56,62,435,217,505,507,"N"
"972","quinnja01",771,1349,90,248,38,7,8,113,5,89,NA,"N"
"973","quiseda01",674,NA,NA,NA,NA,NA,NA,NA,NA,NA,NA,"N"
"974","radboch01",653,2487,308,585,64,11,9,259,NA,158,244,"Y"
"975","radboch01",653,2487,308,585,64,11,9,259,NA,158,244,"N"
"976","raderdo02",1465,5186,631,1302,245,39,155,722,37,528,1055,"N"
"977","radkebr01",378,NA,NA,NA,NA,NA,NA,NA,NA,NA,NA,"N"
"978","raineti01",2502,8872,1571,2605,430,113,170,980,808,1330,966,"N"
"979","ramospe01",696,703,76,109,9,3,15,56,2,22,316,"N"
"980","randowi01",2202,8018,1239,2210,316,65,54,687,271,1243,675,"N"
"981","raschvi01",269,608,45,112,15,1,1,50,0,47,145,"N"
"982","rayji01",309,NA,NA,NA,NA,NA,NA,NA,NA,NA,NA,"N"
"983","rayjo01",1353,5188,604,1502,294,36,53,594,80,353,329,"N"
"984","raymobu01",136,263,12,42,4,3,0,14,1,16,NA,"N"
"985","reardje01",880,NA,NA,NA,NA,NA,NA,NA,NA,NA,NA,"N"
"986","reesepe01",2166,8058,1338,2170,330,80,126,885,232,1210,890,"N"
"987","reesepe01",2166,8058,1338,2170,330,80,126,885,232,1210,890,"Y"
"988","reeseri01",866,2020,248,512,73,17,52,245,16,158,270,"N"
"989","reichri01",997,3307,391,864,109,24,116,445,40,263,672,"N"
"990","reisepe01",861,2662,473,786,155,41,58,368,87,343,369,"N"
"991","remseja01",578,2352,366,574,69,39,8,199,NA,71,NA,"N"
"992","remyje01",1154,4455,605,1226,140,38,7,329,208,356,404,"N"
"993","reuscri01",579,NA,NA,NA,NA,NA,NA,NA,NA,NA,NA,"N"
"994","reussje01",631,NA,NA,NA,NA,NA,NA,NA,NA,NA,NA,"N"
"995","reynoal01",475,857,56,140,19,4,1,79,1,61,186,"N"
"996","reynosh01",306,546,34,77,15,0,5,43,0,14,247,"N"
"997","rhoderi01",427,NA,NA,NA,NA,NA,NA,NA,NA,NA,NA,"N"
"998","ricede01",1309,3826,342,908,177,20,79,441,2,382,522,"N"
"999","riceji01",2089,8225,1249,2452,373,79,382,1451,58,670,1423,"N"
"1000","riceji01",2089,8225,1249,2452,373,79,382,1451,58,670,1423,"Y"
"1001","ricesa01",2404,9269,1514,2987,498,184,34,1078,351,708,275,"N"
"1002","ricesa01",2404,9269,1514,2987,498,184,34,1078,351,708,275,"Y"
"1003","richabo01",1412,5386,643,1432,196,37,34,390,73,262,243,"N"
"1004","richaha01",1331,5642,1120,1688,303,126,70,822,NA,377,445,"N"
"1005","richajr01",239,552,39,93,10,3,10,50,2,4,181,"N"
"1006","richepe01",446,297,21,43,5,1,1,15,2,9,129,"N"
"1007","richmle01",251,1018,169,262,29,20,3,113,NA,46,NA,"N"
"1008","rickebr01",120,343,38,82,8,6,3,39,8,27,NA,"N"
"1009","rickebr01",120,343,38,82,8,6,3,39,8,27,NA,"Y"
"1010","righeda01",718,NA,NA,NA,NA,NA,NA,NA,NA,NA,NA,"N"
"1011","rijojo01",377,NA,NA,NA,NA,NA,NA,NA,NA,NA,NA,"N"
"1012","ringji01",391,817,59,120,23,1,4,57,2,17,288,"N"
"1013","ripkeca01",3001,11551,1647,3184,603,44,431,1695,36,1129,1305,"Y"
"1014","ritchcl01",1671,5919,708,1618,215,68,18,673,155,607,NA,"N"
"1015","rivermi01",1468,5629,785,1660,247,71,61,499,267,266,471,"N"
"1016","rixeyep01",694,1522,95,291,33,4,3,111,2,49,220,"N"
"1017","rixeyep01",694,1522,95,291,33,4,3,111,2,49,220,"Y"
"1018","rizzuph01",1661,5816,877,1588,239,62,38,563,149,651,398,"N"
"1019","rizzuph01",1661,5816,877,1588,239,62,38,563,149,651,398,"Y"
"1020","roberda01",804,2830,366,812,117,44,47,364,94,113,262,"N"
"1021","roberro01",688,1525,107,255,55,10,5,103,3,135,372,"N"
"1022","roberro01",688,1525,107,255,55,10,5,103,3,135,372,"Y"
"1023","robinbi02",1472,4364,536,1127,229,29,166,641,71,263,820,"N"
"1024","robinbr01",2896,10654,1232,2848,482,68,268,1357,28,860,990,"Y"
"1025","robinfr02",2808,10006,1829,2943,528,72,586,1812,204,1420,1532,"Y"
"1026","robinja02",1382,4877,947,1518,273,54,137,734,197,740,291,"Y"
"1027","robinwi01",1371,5075,637,1388,212,51,18,722,196,286,NA,"Y"
"1028","robinwi01",1371,5075,637,1388,212,51,18,722,196,286,NA,"N"
"1029","roepr01",333,620,37,68,3,0,1,28,0,38,215,"N"
"1030","rogerke01",763,NA,NA,NA,NA,NA,NA,NA,NA,NA,NA,"N"
"1031","rogerst01",406,881,47,122,8,2,0,39,1,61,268,"N"
"1032","rojasco01",1822,6309,714,1660,254,25,54,593,74,396,489,"N"
"1033","rolfere01",1175,4827,942,1394,257,67,69,497,44,526,335,"N"
"1034","rommeed01",507,826,80,164,23,6,1,59,1,62,102,"N"
"1035","rootch01",632,1086,86,196,46,7,11,93,1,44,329,"N"
"1036","rosepe01",3562,14053,2165,4256,746,135,160,1314,198,1566,1143,"N"
"1037","roushed01",1967,7363,1099,2376,339,182,68,981,268,484,260,"N"
"1038","roushed01",1967,7363,1099,2376,339,182,68,981,268,484,260,"Y"
"1039","rowesc01",491,909,116,239,36,9,18,153,3,86,157,"N"
"1040","ruckena01",336,805,44,157,10,6,1,44,2,22,NA,"N"
"1041","rudijo01",1547,5556,684,1468,287,39,179,810,25,369,870,"N"
"1042","rudoldi01",284,698,46,131,14,6,2,56,9,53,115,"N"
"1043","ruelmu01",1468,4514,494,1242,187,29,4,534,61,606,238,"N"
"1044","rueteki01",349,622,44,95,9,0,0,40,1,27,105,"N"
"1045","ruffire01",882,1937,207,521,98,13,36,273,1,97,266,"N"
"1046","ruffire01",882,1937,207,521,98,13,36,273,1,97,266,"Y"
"1047","rusieam01",487,1730,209,428,42,29,8,176,25,27,NA,"N"
"1048","rusieam01",487,1730,209,428,42,29,8,176,25,27,NA,"Y"
"1049","russebi01",2181,7318,796,1926,293,57,46,627,167,483,667,"N"
"1050","russeje01",591,NA,NA,NA,NA,NA,NA,NA,NA,NA,NA,"N"
"1051","ruthba01",2503,8398,2174,2873,506,136,714,2217,123,2062,1330,"Y"
"1052","ryanmi02",636,1920,146,370,60,12,28,161,4,152,370,"N"
"1053","ryanno01",807,NA,NA,NA,NA,NA,NA,NA,NA,NA,NA,"Y"
"1054","saberbr01",403,NA,NA,NA,NA,NA,NA,NA,NA,NA,NA,"N"
"1055","sadecra01",587,NA,NA,NA,NA,NA,NA,NA,NA,NA,NA,"N"
"1056","sainjo01",433,774,69,190,28,4,3,101,0,24,20,"N"
"1057","salmoti01",1672,5934,986,1674,339,24,299,1016,48,970,1360,"N"
"1058","samueju01",1720,6081,873,1578,287,102,161,703,396,440,1442,"N"
"1059","sandbry01",2164,8385,1318,2386,403,76,282,1061,344,761,1260,"N"
"1060","sandbry01",2164,8385,1318,2386,403,76,282,1061,344,761,1260,"Y"
"1061","sandere02",1777,6241,1037,1666,341,60,305,983,304,674,1614,"N"
"1062","sandesc02",236,NA,NA,NA,NA,NA,NA,NA,NA,NA,NA,"N"
"1063","sanguma01",1448,5062,566,1500,205,57,65,585,35,223,331,"N"
"1064","santibe01",1978,6951,755,1830,323,41,217,920,91,430,1270,"N"
"1065","santoro01",2243,8143,1138,2254,365,67,342,1331,35,1108,1343,"N"
"1066","santoro01",2243,8143,1138,2254,365,67,342,1331,35,1108,1343,"Y"
"1067","sauerha01",1399,4796,709,1278,200,19,288,876,11,561,714,"N"
"1068","saxst01",1769,6940,913,1949,278,47,54,550,444,556,584,"N"
"1069","schaapa01",1128,3555,436,869,132,26,57,323,43,516,466,"N"
"1070","schacal01",53,51,9,10,2,0,0,4,0,9,7,"N"
"1071","schaege01",1150,3784,497,972,117,48,9,308,201,333,NA,"N"
"1072","schalra01",1762,5306,579,1345,199,49,11,594,177,638,NA,"N"
"1073","schalra01",1762,5306,579,1345,199,49,11,594,177,638,NA,"Y"
"1074","schanwa01",1842,5307,769,1506,264,90,59,710,121,849,573,"N"
"1075","schilcu01",571,NA,NA,NA,NA,NA,NA,NA,NA,NA,NA,"N"
"1076","schmija01",324,597,29,63,9,0,7,21,0,22,282,"N"
"1077","schmimi01",2404,8352,1506,2234,408,59,548,1595,174,1507,1883,"Y"
"1078","schoere01",2216,8479,1223,2449,427,78,84,773,89,606,346,"N"
"1079","schoere01",2216,8479,1223,2449,427,78,84,773,89,606,346,"Y"
"1080","schreos01",895,3057,304,829,136,31,9,338,52,102,NA,"N"
"1081","schulfr01",1806,6533,906,1766,288,124,92,792,233,545,NA,"N"
"1082","schumha02",450,896,100,181,23,4,15,102,0,32,196,"N"
"1083","scottev01",1654,5837,552,1455,208,58,20,551,69,243,282,"N"
"1084","scottge02",2034,7433,957,1992,306,60,271,1051,69,699,1418,"N"
"1085","scottja01",408,680,67,187,31,4,5,73,1,39,76,"N"
"1086","scottmi03",348,653,33,81,14,0,2,45,2,27,279,"N"
"1087","scottto01",991,2803,331,699,111,28,17,253,125,186,464,"N"
"1088","seaveto01",677,NA,NA,NA,NA,NA,NA,NA,NA,NA,NA,"Y"
"1089","seguida01",1456,4847,683,1412,284,16,139,684,17,524,687,"N"
"1090","seguidi01",640,NA,NA,NA,NA,NA,NA,NA,NA,NA,NA,"N"
"1091","seleaa01",404,NA,NA,NA,NA,NA,NA,NA,NA,NA,NA,"N"
"1092","selkige01",846,2790,503,810,131,41,108,576,49,486,319,"N"
"1093","selmadi01",324,NA,NA,NA,NA,NA,NA,NA,NA,NA,NA,"N"
"1094","severha01",1390,4312,408,1245,204,42,17,539,35,331,169,"N"
"1095","seweljo01",1903,7132,1141,2226,436,68,49,1055,74,842,114,"N"
"1096","seweljo01",1903,7132,1141,2226,436,68,49,1055,74,842,114,"Y"
"1097","sewellu01",1630,5383,653,1393,272,56,20,696,65,486,307,"N"
"1098","sewelri01",423,750,81,152,22,3,6,59,12,37,154,"N"
"1099","sexsori01",1367,4928,748,1286,260,17,306,943,14,588,1313,"N"
"1100","seymocy01",1528,5682,737,1723,229,96,52,799,222,354,NA,"N"
"1101","shantbo01",578,548,60,107,20,2,1,46,3,47,96,"N"
"1102","sheckji01",2122,7605,1296,2084,354,136,56,813,465,1135,NA,"N"
"1103","sheffga01",2576,9217,1636,2689,467,27,509,1676,253,1475,1171,"N"
"1104","sherdbi01",549,960,96,214,35,5,9,86,2,63,96,"N"
"1105","shockur01",412,798,89,167,23,3,1,70,1,139,211,"N"
"1106","shortch02",506,697,29,88,5,2,0,24,1,14,198,"N"
"1107","siebeso01",405,NA,NA,NA,NA,NA,NA,NA,NA,NA,NA,"N"
"1108","sierrru01",2186,8044,1084,2152,428,59,306,1322,142,610,1239,"N"
"1109","sievero01",1887,6387,945,1703,292,42,318,1147,14,841,920,"N"
"1110","simmoal01",2215,8759,1507,2927,539,149,307,1827,88,615,737,"N"
"1111","simmoal01",2215,8759,1507,2927,539,149,307,1827,88,615,737,"Y"
"1112","simmocu01",609,1135,93,194,19,3,1,76,2,59,283,"N"
"1113","simmote01",2456,8680,1074,2472,483,47,248,1389,21,855,694,"N"
"1114","simsdu01",843,2422,263,580,80,6,100,310,6,338,483,"N"
"1115","singebi01",324,NA,NA,NA,NA,NA,NA,NA,NA,NA,NA,"N"
"1116","singlke01",2082,7189,985,2029,317,25,246,1065,21,1263,1246,"N"
"1117","sislege01",2055,8267,1284,2812,425,164,102,1175,375,472,327,"N"
"1118","sislege01",2055,8267,1284,2812,425,164,102,1175,375,472,327,"Y"
"1119","sistisi01",1016,2999,401,732,121,19,27,260,30,283,440,"N"
"1120","slaugen01",2380,7946,1247,2383,413,148,169,1304,71,1018,538,"N"
"1121","slaugen01",2380,7946,1247,2383,413,148,169,1304,71,1018,538,"Y"
"1122","smallro01",872,2644,277,601,103,33,61,305,4,257,541,"N"
"1123","smithea02",860,2264,225,686,115,19,46,355,18,247,106,"N"
"1124","smithle02",1023,NA,NA,NA,NA,NA,NA,NA,NA,NA,NA,"N"
"1125","smithlo01",1613,5170,909,1488,273,58,98,533,370,623,849,"N"
"1126","smithoz01",2573,9396,1257,2460,402,69,28,793,580,1072,589,"Y"
"1127","smithre06",1987,7033,1123,2020,363,57,314,1092,137,890,1030,"N"
"1128","smithsh01",381,709,59,165,24,10,6,60,4,30,134,"N"
"1129","smoltjo01",735,948,77,151,26,2,5,61,3,79,365,"Y"
"1130","snidedu01",2143,7161,1259,2116,358,85,407,1333,99,971,1237,"N"
"1131","snidedu01",2143,7161,1259,2116,358,85,407,1333,99,971,1237,"Y"
"1132","snowjt01",1716,5641,798,1509,293,19,189,877,20,760,1142,"N"
"1133","sosasa01",2354,8813,1475,2408,379,45,609,1667,234,929,2306,"N"
"1134","sotoma01",303,530,32,70,13,1,1,24,0,11,166,"N"
"1135","southbi01",1192,4359,661,1296,173,91,52,561,138,402,148,"N"
"1136","southbi01",1192,4359,661,1296,173,91,52,561,138,402,148,"Y"
"1137","spahnwa01",783,1872,141,363,57,6,35,189,4,94,487,"N"
"1138","spahnwa01",783,1872,141,363,57,6,35,189,4,94,487,"Y"
"1139","spaldal01",411,1958,417,613,88,20,2,327,NA,29,25,"Y"
"1140","spaldal01",411,1958,417,613,88,20,2,327,NA,29,25,"N"
"1141","sparktu01",313,798,45,91,16,4,0,41,0,52,NA,"N"
"1142","speaktr01",2789,10195,1882,3514,792,222,117,1529,432,1381,NA,"N"
"1143","speaktr01",2789,10195,1882,3514,792,222,117,1529,432,1381,NA,"Y"
"1144","speiech01",2260,7156,770,1759,302,50,112,720,42,847,988,"N"
"1145","spencji01",1553,4908,541,1227,179,27,146,599,11,407,582,"N"
"1146","splitpa01",430,NA,NA,NA,NA,NA,NA,NA,NA,NA,NA,"N"
"1147","stahlja01",981,3425,405,894,149,87,31,437,178,221,NA,"N"
"1148","stahlla01",730,1721,167,400,58,19,36,163,22,142,357,"N"
"1149","stanked01",1259,4301,811,1154,185,35,29,364,48,996,374,"N"
"1150","stanlmi01",1516,5022,641,1243,201,48,117,500,44,371,564,"N"
"1151","stantmi01",277,NA,NA,NA,NA,NA,NA,NA,NA,NA,NA,"N"
"1152","stargwi01",2360,7927,1195,2232,423,55,475,1540,17,937,1936,"Y"
"1153","staubru01",2951,9720,1189,2716,499,47,292,1466,47,1255,888,"N"
"1154","stearjo01",810,2681,334,696,152,10,46,312,91,323,294,"N"
"1155","steinha01",1646,5896,758,1576,284,90,27,762,194,471,NA,"N"
"1156","steinte01",1546,5369,638,1453,273,21,162,745,23,418,938,"N"
"1157","stengca01",1277,4288,575,1219,182,89,60,535,131,437,453,"N"
"1158","stengca01",1277,4288,575,1219,182,89,60,535,131,437,453,"Y"
"1159","stephjo03",12,0,0,0,0,0,0,0,0,0,0,"N"
"1160","stephri01",1310,4508,714,1515,321,54,63,773,53,494,247,"N"
"1161","stewada01",523,NA,NA,NA,NA,NA,NA,NA,NA,NA,NA,"N"
"1162","stewaji01",777,1420,164,336,45,14,8,112,38,139,218,"N"
"1163","stiebda01",454,NA,NA,NA,NA,NA,NA,NA,NA,NA,NA,"N"
"1164","stonest01",340,NA,NA,NA,NA,NA,NA,NA,NA,NA,NA,"N"
"1165","stottme01",366,NA,NA,NA,NA,NA,NA,NA,NA,NA,NA,"N"
"1166","stottto01",373,NA,NA,NA,NA,NA,NA,NA,NA,NA,NA,"N"
"1167","stoveha01",1486,6138,1492,1771,347,174,122,908,NA,663,NA,"N"
"1168","strawda01",1583,5418,898,1401,256,38,335,1000,221,816,1352,"N"
"1169","streega01",504,1501,98,312,44,11,2,105,17,119,NA,"N"
"1170","suhrgu01",1435,5176,714,1446,288,114,84,818,53,718,433,"N"
"1171","sukefcl01",486,1237,122,326,50,14,2,96,12,95,57,"N"
"1172","sullibi03",1147,3647,363,777,119,33,21,378,98,170,NA,"N"
"1173","summech01",698,1371,199,350,63,4,54,218,15,188,244,"N"
"1174","sundbji01",1962,6021,621,1493,243,36,95,624,20,699,963,"N"
"1175","surhobj01",2313,8258,1062,2326,440,42,188,1153,141,640,839,"N"
"1176","sutclri01",466,NA,NA,NA,NA,NA,NA,NA,NA,NA,NA,"N"
"1177","suttebr01",661,102,6,9,0,0,0,6,1,7,50,"N"
"1178","suttebr01",661,102,6,9,0,0,0,6,1,7,50,"Y"
"1179","suttodo01",785,NA,NA,NA,NA,NA,NA,NA,NA,NA,NA,"N"
"1180","suttodo01",785,NA,NA,NA,NA,NA,NA,NA,NA,NA,NA,"Y"
"1181","sweenbi02",1039,3692,442,1004,153,40,11,389,172,423,NA,"N"
"1182","sweenmi01",1454,5188,759,1540,325,5,215,909,53,522,613,"N"
"1183","tananfr01",639,NA,NA,NA,NA,NA,NA,NA,NA,NA,NA,"N"
"1184","tanneje01",506,1410,189,361,55,23,5,141,19,105,NA,"N"
"1185","tartada01",1406,5011,756,1366,289,22,262,925,37,768,1362,"N"
"1186","tayloto02",2195,7680,1005,2007,298,86,75,598,234,613,1083,"N"
"1187","tebbebi01",1162,3704,357,1000,169,22,38,469,29,389,261,"N"
"1188","tekulke01",1050,121,8,10,0,0,0,2,0,6,61,"N"
"1189","templga01",2079,7721,893,2096,329,106,70,728,242,375,1092,"N"
"1190","tenacge01",1555,4390,653,1060,179,20,201,674,36,984,998,"N"
"1191","tennefr01",37,139,18,30,3,1,0,NA,0,6,NA,"N"
"1192","tennefr02",1994,7595,1278,2231,270,77,22,688,285,874,NA,"N"
"1193","terrybi01",1721,6428,1120,2193,373,112,154,1078,56,537,449,"N"
"1194","terrybi01",1721,6428,1120,2193,373,112,154,1078,56,537,449,"Y"
"1195","tettlmi01",1485,4698,711,1132,210,16,245,732,23,949,1307,"N"
"1196","tewksbo01",303,NA,NA,NA,NA,NA,NA,NA,NA,NA,NA,"N"
"1197","theveto01",1229,4164,380,1030,124,32,2,456,23,210,222,"N"
"1198","thomafr04",2322,8199,1494,2468,495,12,521,1704,32,1667,1397,"Y"
"1199","thomago01",1436,4677,681,1051,212,13,268,782,50,697,1339,"N"
"1200","thomair01",484,1352,124,327,46,17,3,155,20,82,NA,"N"
"1201","thompro01",1304,4612,671,1187,238,39,119,458,103,439,987,"N"
"1202","thompsa01",1407,5984,1256,1979,340,160,127,1299,NA,450,NA,"Y"
"1203","thomsbo01",1779,6305,903,1705,267,74,264,1026,38,559,804,"N"
"1204","thornan01",1565,5291,792,1342,244,22,253,895,48,876,851,"N"
"1205","tiantlu01",573,NA,NA,NA,NA,NA,NA,NA,NA,NA,NA,"N"
"1206","tidrodi01",620,NA,NA,NA,NA,NA,NA,NA,NA,NA,NA,"N"
"1207","timlimi01",1059,NA,NA,NA,NA,NA,NA,NA,NA,NA,NA,"N"
"1208","tinkejo01",1804,6434,774,1687,263,114,31,782,336,416,NA,"N"
"1209","tinkejo01",1804,6434,774,1687,263,114,31,782,336,416,NA,"Y"
"1210","tobinji01",396,796,81,183,35,3,17,102,1,80,162,"N"
"1211","tolanbo01",1282,4238,572,1121,173,34,86,497,193,258,587,"N"
"1212","toneyfr01",336,744,40,118,12,4,3,47,3,21,186,"N"
"1213","torboje01",574,1391,78,297,42,3,8,101,3,103,189,"N"
"1214","torgeea01",1668,4969,848,1318,215,46,149,740,133,980,653,"N"
"1215","torrejo01",2209,7874,996,2342,344,59,252,1185,23,779,1094,"N"
"1216","torrejo01",2209,7874,996,2342,344,59,252,1185,23,779,1094,"Y"
"1217","torremi01",499,NA,NA,NA,NA,NA,NA,NA,NA,NA,NA,"N"
"1218","tovarce01",1488,5569,834,1546,253,55,46,435,226,413,410,"N"
"1219","trammal01",2293,8288,1231,2365,412,55,185,1003,236,850,874,"N"
"1220","traynpi01",1941,7559,1183,2416,371,164,58,1273,158,472,278,"N"
"1221","traynpi01",1941,7559,1183,2416,371,164,58,1273,158,472,278,"Y"
"1222","trillma01",1780,5950,598,1562,239,33,61,571,56,452,742,"N"
"1223","troutdi01",535,961,99,205,28,7,20,110,7,59,226,"N"
"1224","truckvi01",517,949,63,171,23,1,2,70,1,9,153,"N"
"1225","tudorjo01",289,NA,NA,NA,NA,NA,NA,NA,NA,NA,NA,"N"
"1226","turneji01",238,399,32,87,16,1,1,22,0,8,39,"N"
"1227","turnete01",1659,5921,699,1499,207,77,8,528,256,435,NA,"N"
"1228","uhlege01",722,1360,172,393,60,21,9,187,6,98,112,"N"
"1229","unserde01",1799,5215,617,1344,179,42,87,481,64,481,675,"N"
"1230","valenel01",894,3166,380,881,169,15,123,474,59,180,462,"N"
"1231","valenfe01",474,NA,NA,NA,NA,NA,NA,NA,NA,NA,NA,"N"
"1232","valoel01",1806,5029,768,1420,228,73,58,601,110,942,284,"N"
"1233","vanceda01",442,971,68,146,23,1,7,75,1,79,287,"N"
"1234","vanceda01",442,971,68,146,23,1,7,75,1,79,287,"Y"
"1235","vandejo01",382,685,58,104,12,2,1,26,1,41,201,"N"
"1236","vanhage01",1984,8021,1639,2532,285,161,69,1014,583,868,NA,"N"
"1237","vanslan01",1658,5711,835,1562,293,91,164,792,245,667,1063,"N"
"1238","vaughar01",1817,6622,1173,2103,356,128,96,926,118,937,276,"N"
"1239","vaughar01",1817,6622,1173,2103,356,128,96,926,118,937,276,"Y"
"1240","vaughgr01",1731,6103,1017,1475,284,23,355,1072,121,865,1513,"N"
"1241","vaughmo01",1512,5532,861,1620,270,10,328,1064,30,725,1429,"N"
"1242","veachbo01",1821,6656,953,2063,393,147,64,1166,195,571,NA,"N"
"1243","vealebo01",399,NA,NA,NA,NA,NA,NA,NA,NA,NA,NA,"N"
"1244","venturo01",2079,7064,1006,1885,338,14,294,1182,24,1075,1179,"N"
"1245","vernomi01",2409,8731,1196,2495,490,120,172,1311,137,955,869,"N"
"1246","violafr01",421,NA,NA,NA,NA,NA,NA,NA,NA,NA,NA,"N"
"1247","virdobi01",1583,5980,735,1596,237,81,91,502,47,442,647,"N"
"1248","vuckope01",286,NA,NA,NA,NA,NA,NA,NA,NA,NA,NA,"N"
"1249","wadderu01",410,1066,61,172,29,10,4,83,6,42,NA,"N"
"1250","wadderu01",410,1066,61,172,29,10,4,83,6,42,NA,"Y"
"1251","wagnebi02",854,20,1,2,0,0,0,1,0,1,12,"N"
"1252","wagneho01",2792,10430,1736,3415,640,252,101,1732,722,963,NA,"Y"
"1253","wagneho01",2792,10430,1736,3415,640,252,101,1732,722,963,NA,"N"
"1254","walberu01",547,905,78,162,26,5,4,84,2,48,179,"N"
"1255","walkedi02",1905,6740,1037,2064,376,96,105,1023,59,817,325,"N"
"1256","walkeha01",807,2651,385,786,126,37,10,214,42,245,175,"N"
"1257","walkela01",1988,6907,1355,2160,471,62,383,1311,230,913,1231,"N"
"1258","walketo04",1288,4554,647,1316,284,30,107,545,66,421,571,"N"
"1259","wallabo01",2383,8618,1057,2309,391,143,34,1121,201,774,NA,"N"
"1260","wallabo01",2383,8618,1057,2309,391,143,34,1121,201,774,NA,"Y"
"1261","wallati01",2212,8099,908,2085,432,36,260,1125,51,649,1307,"N"
"1262","walshed01",459,1088,93,210,38,10,3,68,14,46,NA,"N"
"1263","walshed01",459,1088,93,210,38,10,3,68,14,46,NA,"Y"
"1264","waltebu01",715,1966,227,477,99,16,23,234,12,114,303,"N"
"1265","wambsbi01",1491,5237,710,1359,215,59,7,520,140,490,357,"N"
"1266","wanerll01",1993,7772,1201,2459,281,118,27,598,67,420,173,"N"
"1267","wanerll01",1993,7772,1201,2459,281,118,27,598,67,420,173,"Y"
"1268","wanerpa01",2549,9459,1627,3152,605,191,113,1309,104,1091,376,"N"
"1269","wanerpa01",2549,9459,1627,3152,605,191,113,1309,104,1091,376,"Y"
"1270","wardjo01",1825,7647,1408,2104,231,96,26,867,NA,420,326,"N"
"1271","wardjo01",1825,7647,1408,2104,231,96,26,867,NA,420,326,"Y"
"1272","warnelo01",459,962,87,215,26,2,4,97,1,52,148,"N"
"1273","washicl01",1912,6787,926,1884,334,69,164,824,312,468,1266,"N"
"1274","wathajo01",860,2505,305,656,90,25,21,261,105,199,265,"N"
"1275","watsobo01",1832,6185,802,1826,307,41,184,989,27,653,796,"N"
"1276","weisswa01",1495,4686,623,1207,182,31,25,386,96,658,658,"N"
"1277","welchbo01",520,NA,NA,NA,NA,NA,NA,NA,NA,NA,NA,"N"
"1278","welchmi01",606,2201,268,492,93,16,12,202,NA,82,329,"Y"
"1279","wellsda01",660,NA,NA,NA,NA,NA,NA,NA,NA,NA,NA,"N"
"1280","werbebi01",1295,5024,875,1363,271,50,78,539,215,701,363,"N"
"1281","wertzvi01",1862,6099,867,1692,289,42,266,1178,9,828,842,"N"
"1282","westrwe01",919,2322,302,503,59,8,96,315,10,489,514,"N"
"1283","westsa01",1753,6148,934,1838,347,101,75,838,53,696,540,"N"
"1284","wettejo01",618,NA,NA,NA,NA,NA,NA,NA,NA,NA,NA,"N"
"1285","wheatza01",2410,9106,1289,2884,476,172,132,1248,205,650,NA,"N"
"1286","wheatza01",2410,9106,1289,2884,476,172,132,1248,205,650,NA,"Y"
"1287","whitalo01",2390,8570,1386,2369,420,65,244,1084,143,1197,1099,"N"
"1288","whitebu01",924,3316,415,883,100,31,17,245,51,150,138,"N"
"1289","whitede01",1560,6624,1140,2066,268,96,23,977,NA,307,221,"Y"
"1290","whitede01",1560,6624,1140,2066,268,96,23,977,NA,307,221,"N"
"1291","whitede03",1941,7344,1125,1934,378,71,208,846,346,541,1526,"N"
"1292","whiteea01",548,1291,107,264,23,7,4,98,3,97,216,"N"
"1293","whitefr01",2324,7859,912,2006,407,58,160,886,178,412,1035,"N"
"1294","whiteha01",337,255,15,37,7,0,0,7,0,16,91,"N"
"1295","whitero01",1881,6650,964,1803,300,51,160,758,233,934,708,"N"
"1296","whitero02",1474,5357,756,1519,296,34,198,768,94,360,925,"N"
"1297","whitewi01",403,1478,167,271,28,7,1,111,NA,56,NA,"N"
"1298","wilheho01",1070,432,24,38,3,1,1,21,0,26,166,"N"
"1299","wilheho01",1070,432,24,38,3,1,1,21,0,26,166,"Y"
"1300","willibe02",2076,7869,1366,2336,449,55,287,1257,147,1069,1212,"N"
"1301","willibi01",2488,9350,1410,2711,434,88,426,1475,90,1045,1046,"Y"
"1302","willibi01",2488,9350,1410,2711,434,88,426,1475,90,1045,1046,"N"
"1303","willicy01",2002,6780,1024,1981,306,74,251,1005,115,690,721,"N"
"1304","willidi02",1023,2959,358,768,157,12,70,331,12,227,392,"Y"
"1305","willike01",1397,4862,860,1552,285,77,196,913,154,566,287,"N"
"1306","willima04",1866,7000,997,1878,338,35,378,1218,53,469,1363,"N"
"1307","willimi02",619,NA,NA,NA,NA,NA,NA,NA,NA,NA,NA,"N"
"1308","willine01",1201,4553,809,1159,228,85,64,667,NA,506,532,"N"
"1309","willite01",2292,7706,1798,2654,525,71,521,1839,24,2021,709,"Y"
"1310","willivi01",531,1493,107,248,19,4,1,84,3,81,NA,"Y"
"1311","williwo02",443,NA,NA,NA,NA,NA,NA,NA,NA,NA,NA,"N"
"1312","willsma01",1942,7588,1067,2134,177,71,20,458,586,552,684,"N"
"1313","wilsoha01",1348,4760,884,1461,266,67,244,1063,52,674,713,"N"
"1314","wilsoha01",1348,4760,884,1461,266,67,244,1063,52,674,713,"Y"
"1315","wilsoji01",1525,4778,580,1358,252,32,32,621,86,356,280,"N"
"1316","wilsowi02",2154,7731,1169,2207,281,147,41,585,668,425,1144,"N"
"1317","winfida01",2973,11003,1669,3110,540,88,465,1833,223,1216,1686,"Y"
"1318","winnra01",1717,6186,863,1759,367,59,110,662,215,526,1010,"N"
"1319","wiseri01",511,NA,NA,NA,NA,NA,NA,NA,NA,NA,NA,"N"
"1320","wittbo01",438,NA,NA,NA,NA,NA,NA,NA,NA,NA,NA,"N"
"1321","wittmi01",341,NA,NA,NA,NA,NA,NA,NA,NA,NA,NA,"N"
"1322","wittwh01",1139,4171,632,1195,144,62,18,302,78,489,309,"N"
"1323","womacto01",1303,4963,739,1353,190,59,36,368,363,308,649,"N"
"1324","woodjo02",696,1952,266,553,118,31,23,325,23,208,NA,"N"
"1325","woodwi01",651,NA,NA,NA,NA,NA,NA,NA,NA,NA,NA,"N"
"1326","worreto01",617,27,1,2,0,1,0,0,0,1,20,"N"
"1327","wrighge01",591,2875,665,867,126,61,11,330,NA,67,119,"Y"
"1328","wrighge01",591,2875,665,867,126,61,11,330,NA,67,119,"N"
"1329","wrighgl01",1119,4153,584,1219,203,76,94,723,38,209,407,"N"
"1330","wrighha01",180,816,183,222,24,9,4,111,NA,36,12,"Y"
"1331","wyattwh01",366,607,53,133,26,2,7,69,0,26,111,"N"
"1332","wynnea01",796,1704,136,365,59,5,17,173,1,141,330,"N"
"1333","wynnea01",796,1704,136,365,59,5,17,173,1,141,330,"Y"
"1334","wynnji01",1920,6653,1105,1665,285,39,291,964,225,1224,1427,"N"
"1335","yastrca01",3308,11988,1816,3419,646,59,452,1844,168,1845,1393,"Y"
"1336","yeagest01",1269,3584,357,816,118,16,102,410,14,342,726,"N"
"1337","yerkest02",711,2521,307,676,124,32,6,254,54,207,NA,"N"
"1338","yorkru01",1603,5891,876,1621,291,52,277,1152,38,792,867,"N"
"1339","youngcy01",918,2960,325,623,87,35,18,290,29,81,NA,"N"
"1340","youngcy01",918,2960,325,623,87,35,18,290,29,81,NA,"Y"
"1341","younger01",1730,6119,996,1731,327,46,79,543,465,660,462,"N"
"1342","youngpe01",730,2466,274,645,128,34,32,347,18,152,312,"N"
"1343","youngro01",1211,4627,812,1491,236,93,42,592,153,550,390,"N"
"1344","youngro01",1211,4627,812,1491,236,93,42,592,153,550,390,"Y"
"1345","yountro01",2856,11008,1632,3142,583,126,251,1406,271,966,1350,"Y"
"1346","zachato01",546,1122,79,254,28,12,6,112,0,62,261,"N"
"1347","zachrpa01",293,318,9,36,0,0,0,6,0,14,128,"N"
"1348","zahnge01",304,NA,NA,NA,NA,NA,NA,NA,NA,NA,NA,"N"
"1349","zeileto01",2158,7573,986,2004,397,23,253,1110,53,945,1279,"N"
"1350","zimmech01",1280,4546,617,1224,222,76,26,625,NA,390,NA,"N"
"1351","ziskri01",1453,5144,681,1477,245,26,207,792,8,533,910,"N"
